alg,seed,fitness,theta,gens,stalled_gens,time_sec,pop_size,r_repulsion,r_orientation,r_attraction,alpha,beta
CAB,0,1.9334444527666048,"[0.9201127871574466, -0.05852391135583751, 0.1203940260454918, 0.043159296763586465, -0.07506463232239502, 0.1598054849105846]",50,0,2.54,60,0.3,1.0,1.5,0.13,0.03
CAB,1,1.4563801186152152,"[-0.11799536616680402, -0.14876769074431043, -0.021103660645979613, -0.33052450585013243, -0.04888803596050012, -0.007935469242674935]",50,1,2.68,60,0.3,1.0,1.5,0.13,0.03
CAB,2,0.8449626282123259,"[0.02469088094229397, 0.21776046166412738, -0.017489475871588885, 0.009332822599063708, 0.08554852981829282, -0.07566168761410647]",50,1,2.65,60,0.3,1.0,1.5,0.13,0.03
CAB,3,1.2790231110867158,"[0.093295035572248, 0.08192078574658007, -0.19720024283578935, 0.19846306056237017, 0.018018031098911452, 0.12039481606908256]",50,2,2.55,60,0.3,1.0,1.5,0.13,0.03
CAB,4,2.8434177898358155,"[-0.0015334491609617154, 0.862825590859653, 0.10683408932070046, -0.0042132903145760655, 0.8201692390215088, 0.9783498981414517]",50,2,2.42,60,0.3,1.0,1.5,0.13,0.03
CAB,0,3.6754875418307447,"[1.1946078475626325, -0.062030742956618264, 0.04283152987245209, 0.19131829532335184, -0.6651279316971425, 0.7984341489476031]",50,0,2.41,60,0.3,1.0,1.5,0.13,0.07
CAB,1,2.660563213681805,"[-1.0413938492826587, -0.15518473226106871, 0.22709830350021665, -0.26549934248938767, -0.02945007046099399, -0.05354465152083797]",50,5,2.39,60,0.3,1.0,1.5,0.13,0.07
CAB,2,1.233759488208698,"[-0.060776861451316846, -0.08676652700657407, -2.700710916172036e-05, -0.008918900514870546, 0.15304655345101859, -0.27297558451046766]",50,0,2.44,60,0.3,1.0,1.5,0.13,0.07
CAB,3,3.2823957165821622,"[0.9170761477944259, -0.07150307070150594, -1.1022291628574765, 0.9187413503305494, -0.0904549206461389, 0.921996241080895]",36,10,1.77,60,0.3,1.0,1.5,0.13,0.07
CAB,4,2.537159995253273,"[-0.12681057374043858, 0.21889075291055962, 0.20425922558691348, -0.05456127375128926, 0.15056985580466978, 1.0062339255102237]",50,2,2.43,60,0.3,1.0,1.5,0.13,0.07
CAB,0,2.4380413649813346,"[0.9553074278158259, 0.009931268410936648, 0.7515814622383701, -0.10252575693140842, 0.06305464181679798, 0.029492698191030467]",50,0,2.4,60,0.3,1.0,1.5,0.16,0.03
CAB,1,0.2155479867805714,"[-0.059786008523451464, -0.041396467346643984, -0.024508475105460222, 0.027438421271546453, -0.030478715008513863, 0.02061022489475945]",50,1,2.32,60,0.3,1.0,1.5,0.16,0.03
CAB,2,0.19912503451654517,"[-0.047820448437315456, -0.044039809916471065, 0.024547958713106367, 0.03646375241226865, -0.023900486873513198, 0.018627620050885106]",50,0,2.37,60,0.3,1.0,1.5,0.16,0.03
CAB,3,0.29389981348399674,"[0.059353849336384525, -0.06011249743910911, -0.04995467048809729, 0.04276419551573921, 0.029704702256359322, 0.01970393320117784]",50,0,2.48,60,0.3,1.0,1.5,0.16,0.03
CAB,4,1.6034638203240346,"[-0.037063372208336366, 0.17298976081391654, -0.12045329803373878, 0.16920101211243785, 0.05981167766670671, 0.2835341890308351]",50,1,2.34,60,0.3,1.0,1.5,0.16,0.03
CAB,0,3.193036054147129,"[1.0353015087893382, -0.9231506989338121, 0.9677187991258542, 0.04948483174458993, -0.1348078690937279, 0.9624984906627532]",50,3,2.36,60,0.3,1.0,1.5,0.16,0.07
CAB,1,0.3966968548613754,"[0.029009734896835913, -0.0780589897162006, -0.10058100240489115, -0.018404391268106564, -0.02280056389476935, 0.044075330543262084]",50,3,2.35,60,0.3,1.0,1.5,0.16,0.07
CAB,2,0.5117958387155892,"[-0.07607759770414743, -0.04766428053034914, -0.01856561451623217, 0.09196977303379855, 0.10766391410044732, -0.011771320196558702]",50,0,2.36,60,0.3,1.0,1.5,0.16,0.07
CAB,3,0.7013887875912066,"[0.04611423887460736, -0.04807963663835693, -0.17567605725516738, 0.08068559286191425, -0.060777852626123084, -0.016332543422323077]",50,0,2.35,60,0.3,1.0,1.5,0.16,0.07
CAB,4,2.5803184315207948,"[-0.03663492759807735, 0.8254565058864555, 0.20731744853471964, 0.9267805657669838, -0.04063174088986503, 0.07825963347016661]",50,0,2.34,60,0.3,1.0,1.5,0.16,0.07
CAB,0,3.031379522113554,"[0.9433548563198151, -0.03361695820182562, 0.2822711409441504, -0.14846572190681845, -0.15435165529041997, 0.7775631102637537]",50,0,2.38,60,0.3,1.0,2.0,0.13,0.03
CAB,1,0.6369853070066971,"[-0.12475328409536936, 0.02159530738380898, 0.03826004740906109, -0.1371724046659009, -0.05571080325409828, -0.00455945709205785]",50,1,2.35,60,0.3,1.0,2.0,0.13,0.03
CAB,2,0.763994650845206,"[0.05815995953301118, -0.04674659885650731, -0.06956264734379099, -0.1515296290451226, 0.132804215652135, -0.0015787558383835029]",50,0,2.35,60,0.3,1.0,2.0,0.13,0.03
CAB,3,1.9358427910400384,"[0.12858249140104933, 0.08199022804622019, -0.11822928545830289, 0.9409538138696576, 0.1101180472554174, 0.006352226846142242]",50,6,2.34,60,0.3,1.0,2.0,0.13,0.03
CAB,4,2.2950903928500037,"[-0.012273501067418665, -0.009634510241813476, -0.008567099860355675, 0.3872126618703752, 0.09462114569430324, 0.47658488921268816]",50,4,2.36,60,0.3,1.0,2.0,0.13,0.03
CAB,0,2.105549007043845,"[0.35448506750729863, -0.019074289545187615, 0.3229179593151132, -0.1792741890721628, -0.09029850636513843, 0.0166772600899651]",50,0,2.37,60,0.3,1.0,2.0,0.13,0.07
CAB,1,0.6064495180039349,"[-0.11909993825438903, -0.0015827841011438956, 0.017962875475626465, 0.021793049645252822, -0.1466166563030289, -0.02308690605095081]",50,0,2.34,60,0.3,1.0,2.0,0.13,0.07
CAB,2,1.1904992985129224,"[-0.14773943591238548, 0.03809203815200256, -0.1599826716606561, -0.20339896998547, -0.026324685823055454, -0.08170338668070538]",50,1,2.35,60,0.3,1.0,2.0,0.13,0.07
CAB,3,1.7903835523133336,"[0.5318268379515689, -0.08463561246403475, -0.010729756981911021, 0.014340722956712824, -0.025187215588872287, -0.12565619578747678]",50,4,2.32,60,0.3,1.0,2.0,0.13,0.07
CAB,4,2.278482413940005,"[0.036742729431404976, 0.8066671432679074, -0.006899966418413875, 0.02962308765683335, -0.02216575527104449, 0.863180742787363]",50,2,2.36,60,0.3,1.0,2.0,0.13,0.07
CAB,0,2.37523244174189,"[0.651112121638546, -0.0815175853733765, -0.19725220356488413, 0.035142523618483565, -0.23275271864935693, -0.11361857856371657]",50,1,2.31,60,0.3,1.0,2.0,0.16,0.03
CAB,1,5.38143759394713,"[-2.245656267312014, 0.31020089311180293, 0.6417777726256976, -0.08647929129317919, -0.8713141057024161, 0.8855680961317303]",18,10,0.86,60,0.3,1.0,2.0,0.16,0.03
CAB,2,0.25239536341588265,"[0.023894480414850178, -0.02853046840599996, 0.06553254915081054, -0.04236441241637416, 0.05026368462179012, 0.01247243352407314]",50,0,2.31,60,0.3,1.0,2.0,0.16,0.03
CAB,3,1.6490533142181758,"[0.19635175877794145, 0.01848221404230315, 0.08854935876875611, -0.033829568804542964, -0.1409889424649386, -0.32639168461451673]",50,3,2.28,60,0.3,1.0,2.0,0.16,0.03
CAB,4,1.9154563135988636,"[0.06343759931937083, 0.03224020917286254, -0.1373535610780354, 0.20004194075238094, 0.0649282980929221, -0.43321511149533737]",50,2,2.31,60,0.3,1.0,2.0,0.16,0.03
CAB,0,2.32144404904496,"[0.1212046005448128, 0.32924436230007864, 0.29730354129715114, 0.001501721106553007, -0.3116707866694656, 0.05420437150794201]",50,4,2.32,60,0.3,1.0,2.0,0.16,0.07
CAB,1,0.3297092061258913,"[-0.02896148792347953, -0.025607681069939336, 0.04891912125876588, -0.0770351239534629, -0.03847285612384137, 0.061595614392660855]",50,0,2.3,60,0.3,1.0,2.0,0.16,0.07
CAB,2,0.17458562791354426,"[0.04301160101737607, -0.04849005229384282, -0.03384801574496664, 0.004505935681258452, -0.01919616276022293, -0.006326801072988067]",50,0,2.3,60,0.3,1.0,2.0,0.16,0.07
CAB,3,0.6030787666826964,"[0.1284789849425842, -0.03366927514653624, 0.03673480730183948, 0.0965119965412457, -0.08629104337088757, 0.021833270896588403]",50,3,2.3,60,0.3,1.0,2.0,0.16,0.07
CAB,4,1.6871912695071178,"[-0.0237128271836747, 0.858624149207473, -0.05423913806275668, -0.006091176802715544, -0.023933835449535406, 0.12459765297931179]",50,1,2.32,60,0.3,1.0,2.0,0.16,0.07
CAB,0,2.903805698544986,"[0.9651828802664204, -0.2673441066396043, 0.04515140376592543, 0.02008709208745478, -0.5529488766210606, -0.050252786828809806]",50,5,2.41,60,0.3,1.2,1.5,0.13,0.03
CAB,1,1.8860016637141084,"[-0.34126001734584677, 0.090371722960244, 0.015135059393959812, -0.015850732603201564, -0.28546794499313705, 0.12573101361590885]",50,3,2.36,60,0.3,1.2,1.5,0.13,0.03
CAB,2,1.292116740352466,"[0.10189392432357387, 0.17245443746594108, -0.192082030921458, -0.1446276489725352, -0.09466348189507418, -0.044218875284662]",50,1,2.35,60,0.3,1.2,1.5,0.13,0.03
CAB,3,1.8053635545557403,"[0.8959729943038784, -0.08885926487750571, -0.04274575902569793, 0.12625207250724088, -0.013675889491609071, 0.09422013036145879]",50,3,2.35,60,0.3,1.2,1.5,0.13,0.03
CAB,4,2.6300009685284533,"[-0.022373604855183426, 0.7969433478805594, -0.03290825071509294, 0.05158481742857688, 0.22374381338667715, 0.9667432643417441]",50,4,2.37,60,0.3,1.2,1.5,0.13,0.03
CAB,0,3.924834727965703,"[1.1798002035334871, -0.39638914585810214, -0.09298493850904796, -0.02957639735471135, -0.36343438962155117, 0.565470032785885]",50,0,2.4,60,0.3,1.2,1.5,0.13,0.07
CAB,1,2.5418513380916186,"[0.04391568627494689, -0.09379818882409638, 0.9060220703117404, -0.7765741946428868, 0.13394801711805635, -0.08352776322941219]",50,5,2.37,60,0.3,1.2,1.5,0.13,0.07
CAB,2,1.7934639264058494,"[-0.2869067147648618, -0.09151377736364633, -0.12225482353739599, 0.1457962635105697, 0.09663187749465114, 0.22787110552065706]",50,0,2.37,60,0.3,1.2,1.5,0.13,0.07
CAB,3,3.2823957165821622,"[0.9170761477944259, -0.07150307070150594, -1.1022291628574765, 0.9187413503305494, -0.0904549206461389, 0.921996241080895]",36,10,1.75,60,0.3,1.2,1.5,0.13,0.07
CAB,4,2.756043224973887,"[-0.018475203666749335, 0.886178722815323, -0.12475094313788958, -0.11778694969325983, 0.9594372132778326, 0.23520329216497865]",50,0,2.39,60,0.3,1.2,1.5,0.13,0.07
CAB,0,2.0909936971581478,"[-0.0999507166337756, -0.217410373463795, 0.2558511349757251, 0.25638310068562115, 0.026317423703739844, 0.22630926972059162]",50,0,2.34,60,0.3,1.2,1.5,0.16,0.03
CAB,1,0.7085855017873439,"[0.051637765746031274, -0.1264155550116266, 0.04743213658607573, -0.08617106569176461, -0.07476637684567909, 0.10660197437187059]",50,0,2.3,60,0.3,1.2,1.5,0.16,0.03
CAB,2,0.17586669816012845,"[-0.015592194544924737, 0.013052235070995384, -0.04449256689520289, -0.03651762845215128, 0.007510128408439631, 0.0453673488122583]",50,0,2.3,60,0.3,1.2,1.5,0.16,0.03
CAB,3,2.190287326582919,"[0.8986565065274468, -0.9625773815231038, -0.0008689892582663958, -0.04590049295379332, -0.0529402159356904, 0.02921677302697238]",50,3,2.3,60,0.3,1.2,1.5,0.16,0.03
CAB,4,0.9050330767272539,"[0.01402927197752506, 0.017794173706747747, 0.09132767079362471, 0.15845980288167527, 0.13194182440997518, 0.11557315288662595]",50,0,2.32,60,0.3,1.2,1.5,0.16,0.03
CAB,0,2.6432045908328097,"[0.9144199839986983, -0.1423347991268666, 0.17089327704538343, 0.12242236169851353, -0.04544415214696564, 0.9333815420414663]",50,1,2.36,60,0.3,1.2,1.5,0.16,0.07
CAB,1,1.6064956442337928,"[-0.8767374779592926, 0.02067811938612895, -0.057805394237592726, 0.007013746449232334, 0.00588646099358971, 0.08364545450180694]",50,0,2.32,60,0.3,1.2,1.5,0.16,0.07
CAB,2,1.6307628387851705,"[0.02938864824821934, 0.06843500849786766, -0.03618264984881671, -0.8302796257028009, -0.018774915591423833, 0.05953184908620818]",50,0,2.33,60,0.3,1.2,1.5,0.16,0.07
CAB,3,0.35471593274899194,"[0.01952954824099061, -0.032688851096010274, 0.07501534051118786, 0.08228194930031521, 0.003765242853584261, -0.05447488566402419]",50,1,2.31,60,0.3,1.2,1.5,0.16,0.07
CAB,4,1.4068785650981686,"[0.06599506596624855, 0.21283251580563903, 0.19269150875093075, -0.06396521770104875, -0.15736889134201676, 0.09688427329779822]",50,0,2.33,60,0.3,1.2,1.5,0.16,0.07
CAB,0,2.8936152136457634,"[0.8745200224491212, -0.005193779552564764, 0.15355273992007182, 0.1431158379641097, -0.5381543585227739, -0.17489955811837324]",50,0,2.38,60,0.3,1.2,2.0,0.13,0.03
CAB,1,1.0792254227195817,"[-0.022328748121053982, 0.015355764023951328, 0.10413184287645494, -0.17288061094886303, -0.1990167455761674, -0.06395325647224404]",50,0,2.35,60,0.3,1.2,2.0,0.13,0.03
CAB,2,2.1026175383993544,"[-0.09480696520000434, 0.05211341439070358, -0.09703006961274388, -0.7986351080266019, -0.054757143109858526, 0.2240971535217239]",50,0,2.37,60,0.3,1.2,2.0,0.13,0.03
CAB,3,2.050642664747898,"[-0.041943955639619133, 0.26216803314038867, -0.2394044044447256, -0.13097699717847128, -0.047193162186629126, -0.30649464549176064]",50,1,2.31,60,0.3,1.2,2.0,0.13,0.03
CAB,4,2.1706383917595002,"[0.07237658154235617, 0.14246965607094314, -0.25303260790939547, 0.04996395421379685, 0.18424530027123606, 0.40233313583916186]",50,0,2.36,60,0.3,1.2,2.0,0.13,0.03
CAB,0,1.7746748103320056,"[0.15031022227396176, 0.149144916413359, 0.19262613566653128, 0.07243579642842535, 0.13103270994440422, 0.27913931865574626]",50,6,2.38,60,0.3,1.2,2.0,0.13,0.07
CAB,1,1.7717637145688028,"[-0.851503894598926, -0.08866404755686436, -0.008093579593484505, 0.11604948896420683, -0.036730852046008566, 0.08014269544755258]",50,1,2.34,60,0.3,1.2,2.0,0.13,0.07
CAB,2,1.0340248907992629,"[0.07411373332231974, 0.01082743600907042, -0.09919944320497961, -0.21838850620056857, -0.07895791430692606, 0.10494512924192717]",50,1,2.34,60,0.3,1.2,2.0,0.13,0.07
CAB,3,1.7890057699227815,"[0.03532193963537687, -0.009653154530922, -0.39265001974471975, -0.013073968071841156, -0.19614959927511905, -0.15197024118580396]",50,4,2.32,60,0.3,1.2,2.0,0.13,0.07
CAB,4,2.041066574378853,"[0.09215506256563608, 0.21991768639072062, -0.11790467406754541, -0.017290677520339037, 0.2010584235961655, 0.37477634688100603]",50,0,2.35,60,0.3,1.2,2.0,0.13,0.07
CAB,0,1.5969794679716114,"[0.9158260257461791, 0.035312093541935256, 0.03147018317544479, 0.05571821931822799, -0.03469811515759295, 0.05994040987732751]",50,0,2.3,60,0.3,1.2,2.0,0.16,0.03
CAB,1,5.38143759394713,"[-2.245656267312014, 0.31020089311180293, 0.6417777726256976, -0.08647929129317919, -0.8713141057024161, 0.8855680961317303]",18,10,0.86,60,0.3,1.2,2.0,0.16,0.03
CAB,2,0.510961051241154,"[0.08768973213938158, 0.05805508652312006, -0.0923715188921328, -0.05914020191995325, 0.027757613961926, 0.06730236746753113]",50,3,2.29,60,0.3,1.2,2.0,0.16,0.03
CAB,3,1.5605963538758343,"[-0.03850016628146631, -0.23269578981179131, 0.23687937369203194, 0.1707875224899251, 0.07904617861288851, 0.054106960316724045]",50,0,2.25,60,0.3,1.2,2.0,0.16,0.03
CAB,4,1.6463428341763948,"[-0.10722615876326334, 0.03041438749634227, 0.03482329550924112, -0.008172536447879075, 0.044640959208971424, 0.9218843437280633]",50,1,2.28,60,0.3,1.2,2.0,0.16,0.03
CAB,0,1.5863741519232382,"[0.29159427587452524, 0.011437931906969921, -0.014775860562867659, 0.23484336959135374, 0.08387976247234283, -0.1145920284824227]",50,0,2.31,60,0.3,1.2,2.0,0.16,0.07
CAB,1,0.18987765345470153,"[0.007402412241429781, -0.012783937622658274, 0.06745458545956907, 0.027836777359995485, -0.029645564399579744, 0.01313502085815094]",50,2,2.27,60,0.3,1.2,2.0,0.16,0.07
CAB,2,1.3789794328979856,"[-0.03361507528438794, -0.0153587168162451, 0.018790442891157524, -0.3742062556003492, 0.06422063423048485, -0.08027124108913196]",50,0,2.26,60,0.3,1.2,2.0,0.16,0.07
CAB,3,0.9981819905010956,"[0.11024453320150535, -0.19710630047843677, -0.005148325079847598, 0.008346347254312433, -0.13930405741272198, -0.07234205636499537]",50,2,2.27,60,0.3,1.2,2.0,0.16,0.07
CAB,4,2.401774947146212,"[-0.04810635189626514, 0.15352775477584618, 0.6380493137583391, -0.19823867920334196, 0.10948612662894806, 0.19857527732275468]",50,5,2.3,60,0.3,1.2,2.0,0.16,0.07
CAB,0,2.950604867473676,"[0.7746746360996053, 0.09519932548982143, 0.17163178512588637, -0.08095382721654354, -0.250807782809405, 0.4411799534923861]",50,1,2.38,60,0.5,1.0,1.5,0.13,0.03
CAB,1,1.7851317036561665,"[-0.1739174778994142, 0.10434401764083942, 0.2747648372838461, -0.2640939707665412, -0.01577409411466199, 0.05744866765889021]",50,5,2.37,60,0.5,1.0,1.5,0.13,0.03
CAB,2,1.8022539268103022,"[0.007472785216577717, -0.040995395890410576, 0.011022526396554372, -0.4693310387008296, -0.07608095407395622, -0.17996546678961445]",50,0,2.37,60,0.5,1.0,1.5,0.13,0.03
CAB,3,1.3043220951803716,"[0.04407807650607609, 0.010380378897320557, -0.2240478892237193, -0.011826947386891483, 0.25721357907112335, -0.020075551355084705]",50,3,2.34,60,0.5,1.0,1.5,0.13,0.03
CAB,4,2.576528523666902,"[-0.21617022268867012, -0.16422862396235816, 0.011094885728593889, -0.2743503489117168, -0.14823488759955353, 0.5385367326978122]",50,0,2.39,60,0.5,1.0,1.5,0.13,0.03
CAB,0,3.0547811887946463,"[1.1709837420971587, -0.09616218473407209, -0.11296044330680005, -0.06897761222820668, -0.03455007584178087, 0.6518888248352873]",50,0,2.4,60,0.5,1.0,1.5,0.13,0.07
CAB,1,2.0080347550997257,"[-0.5790680883478709, -0.10197008326886979, -0.05410414106232174, 0.12924171949923946, -0.0668879498089662, 0.12388849166858852]",50,0,2.36,60,0.5,1.0,1.5,0.13,0.07
CAB,2,1.6554832107111292,"[-0.03498695588152712, 0.07397481874330261, 0.0516755565701044, -0.9179674187937447, 0.054204811674708676, 0.06536574204715928]",50,0,2.37,60,0.5,1.0,1.5,0.13,0.07
CAB,3,2.1782135676312646,"[1.09057436791384, -0.0377682860777975, -0.19161183064573103, 0.06832234606395805, -0.03135080155177299, 0.07987205004519837]",50,0,2.35,60,0.5,1.0,1.5,0.13,0.07
CAB,4,2.4203811884643405,"[-0.2322821138949018, 0.20324886708728934, -0.519491352176918, -0.04364131079663339, 0.13921308801122287, 0.14322961957294286]",50,2,2.38,60,0.5,1.0,1.5,0.13,0.07
CAB,0,1.645423172116431,"[0.24218450258109522, 0.03285476836991065, 0.20102967095864346, 0.20453386355108924, -0.13273847670582525, 0.042966044211365066]",50,3,2.35,60,0.5,1.0,1.5,0.16,0.03
CAB,1,0.6388352600121725,"[-0.01571039992497825, -0.05044842352619292, 0.03285981460983366, -0.18667706144467638, -0.04289414472659969, -0.01698435037126975]",50,1,2.3,60,0.5,1.0,1.5,0.16,0.03
CAB,2,0.21589654633982436,"[-0.038205092856525076, -0.0002009339313244823, 0.05461760311459574, 0.004444554224208383, -0.024465287549451396, 0.05438572409651936]",50,0,2.3,60,0.5,1.0,1.5,0.16,0.03
CAB,3,0.2800885881011905,"[0.026484585797960418, -0.020887868710142907, -0.021070576988917775, -0.03436182234271233, -0.08439767489156033, -0.04486972788780478]",50,1,2.29,60,0.5,1.0,1.5,0.16,0.03
CAB,4,2.2848364573325175,"[-0.05638029948003637, 0.8276206971703993, 0.023714023352312333, -0.021063730164479814, -0.014957860646117607, 1.0044169845381348]",50,0,2.3,60,0.5,1.0,1.5,0.16,0.03
CAB,0,2.6549401538872357,"[0.9826228908604839, -0.16841969749239083, 0.03667799776256522, -0.04402693633562691, -0.1293532149492271, 1.0607681486245677]",50,3,2.35,60,0.5,1.0,1.5,0.16,0.07
CAB,1,0.256931738721367,"[-0.046576751446762085, -0.004009934341606444, 0.08310177636506866, 0.00539698661259478, 0.016884998134817277, 0.032634182543128894]",50,0,2.31,60,0.5,1.0,1.5,0.16,0.07
CAB,2,0.5082039896001267,"[-0.016301888183408997, -0.010305080713194855, -0.11814035910290843, -0.06794426149304131, -0.09438131690506274, -0.023769558809867752]",50,1,2.33,60,0.5,1.0,1.5,0.16,0.07
CAB,3,0.23000351705953337,"[0.01437346105296787, -0.004050669018560826, -0.00011839177445877036, 0.07968322957847739, -0.018273244110974602, -0.04423267278327706]",50,0,2.29,60,0.5,1.0,1.5,0.16,0.07
CAB,4,1.3310344466022,"[-0.06727935233139239, 0.20816217786441535, -0.12381774155422749, 0.107249760864288, 0.10665305992598648, 0.1669200638378661]",50,1,2.33,60,0.5,1.0,1.5,0.16,0.07
CAB,0,1.8887238988408268,"[1.0897581594491557, -0.02456409587464827, 0.06756593827788519, 0.035669282206231126, -0.0782798771486733, -0.01672695530889275]",50,0,2.37,60,0.5,1.0,2.0,0.13,0.03
CAB,1,1.9437425316155843,"[-0.16573826325868915, 0.02492457407712897, -0.2550051937639383, -0.17781384969214933, -0.3061625467516652, -0.03271473197265732]",50,0,2.35,60,0.5,1.0,2.0,0.13,0.03
CAB,2,1.4026886740558528,"[-0.17210344620195592, 0.021020389073206018, 0.21963405991927154, -0.0809976507774864, 0.10436459133219336, 0.16982108529371887]",50,0,2.35,60,0.5,1.0,2.0,0.13,0.03
CAB,3,3.042178346574613,"[0.9970027398329846, -0.9832542607140076, -0.8795909978918585, 0.9757655599429677, 0.002353316445725888, -0.0365983711133378]",50,5,2.32,60,0.5,1.0,2.0,0.13,0.03
CAB,4,2.7559701557841163,"[-0.07526863799924388, -0.007468243951792705, -0.07886695695512107, 0.28451375239700133, -0.000736943938874187, 1.205518319531228]",50,1,2.34,60,0.5,1.0,2.0,0.13,0.03
CAB,0,2.4112126228138107,"[0.22314162146819136, 0.14378630096369033, 0.19059433162368541, 0.07401793820541899, 0.15479050169447917, 0.5089272282576441]",50,0,2.37,60,0.5,1.0,2.0,0.13,0.07
CAB,1,1.2670410890621082,"[-0.2535198160229019, -0.06405682714781614, 0.03567783856211598, -0.17697853938595504, -0.08662245467789928, 0.04996997502572744]",50,0,2.33,60,0.5,1.0,2.0,0.13,0.07
CAB,2,0.8177112055923215,"[-0.12193491443356508, 0.1695914488613683, 0.030136655002248523, -0.08330272040229023, -0.021515470788457815, -0.06670081184222793]",50,0,2.35,60,0.5,1.0,2.0,0.13,0.07
CAB,3,1.2495418092876638,"[0.12384361543434504, 0.21932989427568692, 0.10976997787131862, -0.033259217841213426, 0.10869637570408033, 0.12684415046231232]",50,0,2.3,60,0.5,1.0,2.0,0.13,0.07
CAB,4,2.393930245533,"[0.36046849392685976, 0.25516094981661014, -0.11251869478347809, -0.20189047881509106, 0.2707075096919513, -0.02499199599241543]",50,0,2.36,60,0.5,1.0,2.0,0.13,0.07
CAB,0,0.6952951152288205,"[-0.018929448232628987, -0.030795650558544576, 0.004622039085727524, -0.10036860254908853, -0.16991802038385315, 0.0696543201233556]",50,1,2.3,60,0.5,1.0,2.0,0.16,0.03
CAB,1,5.38143759394713,"[-2.245656267312014, 0.31020089311180293, 0.6417777726256976, -0.08647929129317919, -0.8713141057024161, 0.8855680961317303]",18,10,0.87,60,0.5,1.0,2.0,0.16,0.03
CAB,2,0.13160887216906447,"[-0.021781706985082847, -0.023211935653139983, -0.04609590587010098, 0.010876262415394689, -0.014388570780377391, -0.015064337396693476]",50,2,2.27,60,0.5,1.0,2.0,0.16,0.03
CAB,3,2.6177436402286465,"[0.9706880203758954, -0.9670749262332925, -0.030004544600222102, 1.000022753346004, 0.019366857757895758, -0.014142414627337084]",50,4,2.24,60,0.5,1.0,2.0,0.16,0.03
CAB,4,0.8634487575802585,"[0.06332099334205345, 0.0340454846346327, 0.08508432944255344, 0.034253432121901184, 0.06973639257370581, 0.2100998069978084]",50,1,2.32,60,0.5,1.0,2.0,0.16,0.03
CAB,0,2.3835258919773854,"[0.4989178489201713, 0.143939077578968, 0.12680818402654095, 0.03933147842676699, -0.33704683170905686, -0.0007783963123882045]",50,1,2.29,60,0.5,1.0,2.0,0.16,0.07
CAB,1,5.453553634997984,"[-2.2599801316395887, 0.29971658291768455, 0.6266579819759257, -0.13460100958720067, -0.8507119982228907, 0.9274734832137309]",18,10,0.86,60,0.5,1.0,2.0,0.16,0.07
CAB,2,0.10388156147769623,"[0.028992439804982756, -0.02876150820296942, 0.0017219656564935785, 0.012749084259147309, 0.007743068830941991, -0.024781804067232065]",50,5,2.29,60,0.5,1.0,2.0,0.16,0.07
CAB,3,1.2263137281282934,"[0.008057071316267967, -0.04522534448186493, 0.0890870978974442, 0.1419221809148892, -0.09999356198299203, 0.25588787493674936]",50,0,2.23,60,0.5,1.0,2.0,0.16,0.07
CAB,4,0.5193384341725538,"[-0.023584191559905474, 0.043504286658942584, 0.02923107031580189, 0.12146774655688082, 0.10625749810602128, -0.006524096319220241]",50,1,2.34,60,0.5,1.0,2.0,0.16,0.07
CAB,0,3.5766558889817373,"[1.0773767412053576, 0.057243756462665024, 1.1448469137629615, -0.28772083686664335, -0.002622033331757528, 1.0195770084671922]",50,5,2.42,60,0.5,1.2,1.5,0.13,0.03
CAB,1,2.152705381407355,"[-0.1201955625519612, 0.10631012301353925, 0.003403949110828302, -0.27695661178503816, 0.0077987205459294825, -0.47586197688389137]",50,0,2.36,60,0.5,1.2,1.5,0.13,0.03
CAB,2,1.6978879183306756,"[0.1793851517112632, 0.06157622046563068, -0.061869164739895614, -0.380313022785109, -0.03357724092648789, 0.10967971772188323]",50,0,2.37,60,0.5,1.2,1.5,0.13,0.03
CAB,3,1.7578725752586988,"[0.8726058793397996, 0.026668980273053745, -0.1091379999046957, 0.09997944735024306, 0.03460225676540431, 0.06772101211768033]",50,2,2.38,60,0.5,1.2,1.5,0.13,0.03
CAB,4,1.8076157689566377,"[0.024935026425947016, 0.08360284704814215, 0.03612302693487155, -0.08377511743667689, 0.12497905936462654, 0.5023738110945346]",50,0,2.45,60,0.5,1.2,1.5,0.13,0.03
CAB,0,3.5312270252901787,"[1.4114753853438968, 0.005401699556592039, -0.15139439226118367, -0.18866867334740056, 0.11768949065294435, 0.20664327241175465]",50,1,2.45,60,0.5,1.2,1.5,0.13,0.07
CAB,1,2.0116420461749773,"[0.049053564289877755, 0.11262052606326084, 0.5166029948132369, -0.012782193165791492, 0.21869315740698045, 0.013875794460259574]",50,5,2.37,60,0.5,1.2,1.5,0.13,0.07
CAB,2,0.8410478560725214,"[-0.10700549391327728, -0.028035294456891825, -0.08885278770180531, -0.029771754031125554, 0.07297205172049878, 0.18042339279258204]",50,0,2.37,60,0.5,1.2,1.5,0.13,0.07
CAB,3,3.2823957165821622,"[0.9170761477944259, -0.07150307070150594, -1.1022291628574765, 0.9187413503305494, -0.0904549206461389, 0.921996241080895]",36,10,1.73,60,0.5,1.2,1.5,0.13,0.07
CAB,4,2.4108408150938314,"[-0.010471848317766992, 0.01885227357127306, -0.023109757056547366, -0.35177487039248234, 0.24373184350121696, -0.4376602520782128]",50,1,2.38,60,0.5,1.2,1.5,0.13,0.07
CAB,0,2.1912406251280285,"[0.9400350504964242, -0.8892681093427438, -0.025958050304393902, 0.0292853236454084, 0.03919934388847477, 0.05271857862174745]",50,2,2.34,60,0.5,1.2,1.5,0.16,0.03
CAB,1,0.38736573339560154,"[-0.11167832428459865, -0.03873517650405163, 0.01117245667192031, -0.0565366911979971, 0.03736299537962674, -0.02352263163354395]",50,0,2.29,60,0.5,1.2,1.5,0.16,0.03
CAB,2,0.30658568070168757,"[-0.020970465284173352, 0.04197411109009376, 0.009898355576543491, -0.018421745487667864, -0.053234202989722895, -0.0902507204746976]",50,0,2.29,60,0.5,1.2,1.5,0.16,0.03
CAB,3,0.8661969362911077,"[0.15343233047974444, 0.004485344235219856, -0.09906834160555948, 0.11145168361787605, -0.04574160048786063, 0.11266787311216386]",50,0,2.28,60,0.5,1.2,1.5,0.16,0.03
CAB,4,0.9874306434899478,"[0.044020397858474294, 0.15537446723096418, -0.061516502240960974, 0.1203703946700682, 0.0710065922097449, 0.15445597760104388]",50,0,2.31,60,0.5,1.2,1.5,0.16,0.03
CAB,0,2.718957889359601,"[0.29902511790258646, 0.11740610492599825, 0.32539952169378944, 0.051351916842922236, -0.22337505016029438, 0.4107088094358123]",50,1,2.33,60,0.5,1.2,1.5,0.16,0.07
CAB,1,1.9940370008735937,"[-0.06416752226028419, 0.2597911825038249, 0.33684938758152844, -0.11800439516331837, -0.016602354074861356, 0.19032034998419914]",50,4,2.31,60,0.5,1.2,1.5,0.16,0.07
CAB,2,0.9051695261187729,"[-0.06841218097376733, 0.15846389570129185, -0.07705879726605788, -0.16119359291293484, -0.05696440454039581, -0.01407640455544408]",50,0,2.33,60,0.5,1.2,1.5,0.16,0.07
CAB,3,2.0734840229037492,"[-0.06203627475537102, -0.12424592047690608, -0.04899421710892182, 1.085085477464849, 0.11674064392207593, 0.036191684654856636]",50,0,2.29,60,0.5,1.2,1.5,0.16,0.07
CAB,4,2.1507131254847285,"[-0.16280031254980926, 0.015543490055081493, 0.5946592208314332, -0.16660773665591816, 0.07285151665344825, 0.11340810638439099]",50,0,2.31,60,0.5,1.2,1.5,0.16,0.07
CAB,0,2.7323696263748194,"[0.5949490470195301, 0.021777722877952085, 0.184092926370025, 0.24498375541136574, -0.32624801999515124, -0.09377892175059817]",50,0,2.36,60,0.5,1.2,2.0,0.13,0.03
CAB,1,1.1606508096155435,"[-0.0429340832662209, 0.16062804622585902, -0.10858237031042078, -0.14472597108132387, -0.1669950040805595, 0.06531203249250787]",50,0,2.34,60,0.5,1.2,2.0,0.13,0.03
CAB,2,0.7883173809951391,"[-0.03391995757976922, 0.04175041860670662, -0.15905981316344767, -0.15863186103674562, -0.014943175128624508, -0.021828309745856617]",50,3,2.33,60,0.5,1.2,2.0,0.13,0.03
CAB,3,1.7721876657335902,"[0.1114636244294148, -0.1486801901565506, -0.0024558765969411893, 0.38634646031951814, -0.04615008950527212, -0.15626596898093076]",50,0,2.3,60,0.5,1.2,2.0,0.13,0.03
CAB,4,1.5638047070289827,"[0.18762562638581448, -0.12989807880440538, 0.09629231705488576, -0.02375740834706605, 0.13229706906693833, -0.2661067944048269]",50,0,2.34,60,0.5,1.2,2.0,0.13,0.03
CAB,0,2.5909141225378005,"[1.0707902554556348, -0.04355383697197912, -0.010116209046051025, 0.18052018268996828, 0.05297447643192375, 0.3151938482098075]",50,0,2.36,60,0.5,1.2,2.0,0.13,0.07
CAB,1,1.701604012370066,"[-0.9640454846849744, -0.06850432323058672, 0.08656217498613925, 0.070622566934887, -0.040714183207809514, 0.0141436251835278]",50,1,2.33,60,0.5,1.2,2.0,0.13,0.07
CAB,2,0.9717434242023946,"[-0.02418024819680564, 0.09194552639703867, -0.05237529833355045, -0.23990593722010628, 0.06365410235157776, 0.05032276746209745]",50,0,2.35,60,0.5,1.2,2.0,0.13,0.07
CAB,3,2.5474880245706655,"[0.930188558495971, 0.008881184175285231, 0.07535136650484142, 1.1176298655144719, 0.0977929359111099, -0.05087349160954209]",50,1,2.33,60,0.5,1.2,2.0,0.13,0.07
CAB,4,1.6363656308059409,"[0.08131136209265417, 0.02121639190500699, 0.2099013777644712, 0.03707897905826575, -0.3628743031473247, 0.015966736597066242]",50,3,2.4,60,0.5,1.2,2.0,0.13,0.07
CAB,0,1.558206903790023,"[0.8492318046404183, -0.010454061374934659, 0.030538641364386755, 0.02532639821425109, -0.0028451418746025317, 0.04771032602327743]",50,1,2.34,60,0.5,1.2,2.0,0.16,0.03
CAB,1,5.38143759394713,"[-2.245656267312014, 0.31020089311180293, 0.6417777726256976, -0.08647929129317919, -0.8713141057024161, 0.8855680961317303]",18,10,0.87,60,0.5,1.2,2.0,0.16,0.03
CAB,2,0.19027588272659957,"[-0.02209221109152748, 0.035898607282940496, -0.05075782070482818, -0.02939146484128819, -0.02394086298908539, 0.02841872521417104]",50,1,2.3,60,0.5,1.2,2.0,0.16,0.03
CAB,3,0.4877543072880184,"[0.028550012025669213, 0.015078818424340073, 0.14410307306072856, 0.039060088386185736, 0.011475150692531012, 0.060685786767161305]",50,0,2.24,60,0.5,1.2,2.0,0.16,0.03
CAB,4,1.898059217809934,"[-0.2627318378532995, -0.04676061928196983, 0.28849473399529135, -0.12524550518654598, 0.13303552053700546, 0.1431004493670384]",50,5,2.3,60,0.5,1.2,2.0,0.16,0.03
CAB,0,2.008152050254147,"[1.0885518457924628, 0.008710084935592968, 0.14727464447312882, -0.022879523028812215, 0.053772280350931186, 0.05292127817760441]",50,0,2.3,60,0.5,1.2,2.0,0.16,0.07
CAB,1,5.453553634997984,"[-2.2599801316395887, 0.29971658291768455, 0.6266579819759257, -0.13460100958720067, -0.8507119982228907, 0.9274734832137309]",18,10,0.87,60,0.5,1.2,2.0,0.16,0.07
CAB,2,0.24558684909336437,"[-0.056302892699565316, -0.004418965008499892, -0.02461629021825597, -0.03548970201292811, 0.016931480240030477, -0.06642902906132603]",50,3,2.29,60,0.5,1.2,2.0,0.16,0.07
CAB,3,0.13683918030817255,"[-0.04076789061353333, -0.03892934242086417, -0.0009908676508980432, -0.012702379837451903, -0.021271716817636198, -0.011662120349182023]",50,0,2.24,60,0.5,1.2,2.0,0.16,0.07
CAB,4,1.3825778173762733,"[0.011857734993576532, 0.12657690610500635, 0.1654915210633309, -0.1403933028583848, 0.03499355007946891, 0.24333109583209545]",50,0,2.3,60,0.5,1.2,2.0,0.16,0.07
CAB,0,3.009995165140215,"[1.088661045490402, -0.15061879914207002, 0.08649869017828986, -0.091208707876987, -0.44368662424387684, 0.15795834964187136]",50,0,3.27,70,0.3,1.0,1.5,0.13,0.03
CAB,1,1.66583921028116,"[-0.09574853081473303, -0.08498482497502788, 0.40912224891236665, -0.054065284462223195, -0.04381230056759074, -0.12612065664728112]",50,0,3.24,70,0.3,1.0,1.5,0.13,0.03
CAB,2,1.8765878574137713,"[0.15410975415496855, -0.07600071782309009, -0.0028464671298648672, -0.496355709522165, -0.033555747338162564, 0.11323639011685382]",50,0,3.25,70,0.3,1.0,1.5,0.13,0.03
CAB,3,1.575780785363318,"[0.23190489750692755, 0.10014263668970869, 0.19407791857053425, -0.014043942760835898, -0.10561018877912104, 0.1919402640014493]",50,7,3.23,70,0.3,1.0,1.5,0.13,0.03
CAB,4,2.949856015492291,"[0.13228865553477417, 0.3244615302180634, -0.021275234166212624, 0.15336577495890064, 0.3267001105680678, 0.9622350220600019]",50,3,3.26,70,0.3,1.0,1.5,0.13,0.03
CAB,0,3.221979286668376,"[0.9985280518914289, -0.17159124168781137, 0.7041989632959349, -0.13817141244464992, -0.29341028809116343, 0.10483132965786916]",50,0,3.29,70,0.3,1.0,1.5,0.13,0.07
CAB,1,3.3086215054640857,"[-0.9224858628278065, -0.3288596738011919, 0.9576374357850315, 0.008486360528743565, -0.10522947637511659, 0.8673457698742798]",44,10,2.91,70,0.3,1.0,1.5,0.13,0.07
CAB,2,2.4630376758936845,"[-0.0716730515918942, 0.9419924228117319, 0.019979424295779293, -0.0719694091119171, 1.0310994428401388, 0.1449634379757611]",50,0,3.27,70,0.3,1.0,1.5,0.13,0.07
CAB,3,0.7468323192209714,"[0.021576619071940906, 0.1562640970616424, 0.01984576976814692, 0.13180010306565412, 0.03819008933261447, -0.0740456957035222]",50,1,3.27,70,0.3,1.0,1.5,0.13,0.07
CAB,4,2.540363751623446,"[0.19425165844487838, 0.9368032073956655, 0.025029641347303313, -0.023565455074245276, 0.12078346477839573, 0.9449215567803]",50,2,3.26,70,0.3,1.0,1.5,0.13,0.07
CAB,0,1.9957958776882667,"[0.6024557043126003, 0.11552225207472838, 0.03913316628189566, -0.1416091983912225, -0.08875335224778894, 0.060333496640674576]",50,0,3.23,70,0.3,1.0,1.5,0.16,0.03
CAB,1,1.7044171919726456,"[-0.9773141655073323, -0.04449703810761275, -0.00474199321512077, 0.04521266364914043, -0.09347197557056208, -0.0715288604529002]",48,10,3.08,70,0.3,1.0,1.5,0.16,0.03
CAB,2,0.717374238056625,"[0.11203009395152251, -0.129669405721852, 0.03302618728074548, -0.05634426810020998, 0.048609090193786356, 0.10108094997139463]",50,1,3.19,70,0.3,1.0,1.5,0.16,0.03
CAB,3,1.3053919857299303,"[0.1285227844423728, 0.018228166227441455, -0.016488586106992612, 0.03924397767098586, -0.32560208710949606, 0.05832787624826251]",50,8,3.18,70,0.3,1.0,1.5,0.16,0.03
CAB,4,1.9129753240153922,"[0.1570741564230743, 0.12722525148423688, 0.1289953628138287, -0.14713378562227197, 0.08244815156328414, 0.37542215810984375]",50,1,3.2,70,0.3,1.0,1.5,0.16,0.03
CAB,0,1.4815731414005637,"[0.260968662978237, -0.10191927267563182, -0.11272815092812823, 0.045252991950059177, 0.2170546092195307, -0.008072966586046006]",50,2,3.23,70,0.3,1.0,1.5,0.16,0.07
CAB,1,1.5777677125706515,"[-0.9178288717228722, -0.010447621660400839, 0.0471264512726656, -0.011115229854234032, -0.05430707404885296, -0.05119531637939631]",50,0,3.17,70,0.3,1.0,1.5,0.16,0.07
CAB,2,1.075357444837309,"[0.21085687114183868, -0.09611716989774233, -0.16223403050594673, -0.06730533972609454, 0.012925787302701065, -0.02049588598083084]",50,2,3.19,70,0.3,1.0,1.5,0.16,0.07
CAB,3,0.7687043454498377,"[0.1266264447233153, -0.015507974471969003, 0.016662767393614258, 0.17448202150134262, -0.045534700540068716, 0.05510521013144459]",50,2,3.17,70,0.3,1.0,1.5,0.16,0.07
CAB,4,2.0959481642916455,"[-0.13108283666352788, 0.09080408090305606, -0.7355161844801898, -0.13795800793065255, 0.14186731857937923, -0.011829864926757215]",50,2,3.21,70,0.3,1.0,1.5,0.16,0.07
CAB,0,2.6937777730968517,"[0.8475283432608745, 0.11492030896856949, 0.6558755073587282, -0.07407052102152015, -0.11790910320176327, 0.07916121187486438]",50,0,3.25,70,0.3,1.0,2.0,0.13,0.03
CAB,1,1.181886977383137,"[0.1433236677263162, 0.025365179913046095, -0.011298324327815452, -0.1242022678573073, -0.17902175075369034, -0.1638545539724168]",50,1,3.19,70,0.3,1.0,2.0,0.13,0.03
CAB,2,1.8561753013143059,"[0.08244437546804136, 0.44362627125219656, 0.1173269773981042, -0.004633554701895089, 0.11849785965939176, 0.138296050676103]",50,2,3.19,70,0.3,1.0,2.0,0.13,0.03
CAB,3,1.9467799849065774,"[0.25122444176566966, -0.0946955611034302, -0.19157628465101353, -0.00038266393815804354, 0.34595293140978656, 0.03575408173092163]",50,1,3.14,70,0.3,1.0,2.0,0.13,0.03
CAB,4,2.657135517510931,"[1.1473175642227922, 0.043642489309041944, -0.002956764565390205, -0.0169198964708894, -0.01838607857989323, 1.0774249043532032]",48,10,3.06,70,0.3,1.0,2.0,0.13,0.03
CAB,0,2.124576873238404,"[0.7087279253142669, 0.019556317732592116, -0.06299732474387273, -0.17309521955876048, -0.17723946765066856, 0.059209061591986856]",50,1,3.21,70,0.3,1.0,2.0,0.13,0.07
CAB,1,1.1816485543692221,"[0.16446325259317984, 0.1489197430806857, -0.10142935157175707, 0.06841670455647964, -0.12183113960527635, 0.12335305368733113]",50,0,3.21,70,0.3,1.0,2.0,0.13,0.07
CAB,2,0.5178904997140461,"[0.10441995595299602, -0.000808772730180346, -0.020274704493316743, -0.05593258408723055, 0.10276547973105, 0.06392326268719599]",50,0,3.23,70,0.3,1.0,2.0,0.13,0.07
CAB,3,1.611119351157328,"[-0.2050056609083702, -0.28968614494397715, -0.1880539743253637, -0.007032589414433552, -0.03414149998886348, 0.02277922042747388]",50,3,3.19,70,0.3,1.0,2.0,0.13,0.07
CAB,4,2.6238222093016863,"[-0.08288619604978294, 0.13193826249030388, 0.06957832261901183, 0.0743578888424938, 0.7970921596004495, 0.7448688987335278]",50,7,3.24,70,0.3,1.0,2.0,0.13,0.07
CAB,0,1.464180496244993,"[0.07247199944129852, 0.28157608889329605, 0.06852190096798887, -0.011144060547958629, -0.22376239518194999, -0.049699103479516046]",50,3,3.17,70,0.3,1.0,2.0,0.16,0.03
CAB,1,5.566858570027833,"[-2.2080252426815568, 0.4322461631545427, 0.48757324284477777, 0.03446038846054451, -0.7983853223006965, 0.6971010083295154]",14,10,0.92,70,0.3,1.0,2.0,0.16,0.03
CAB,2,0.20347330070661984,"[0.06442809727263113, 0.047185649621472966, 0.0011798224335052504, -0.025924674811421522, 0.01666414822005266, 0.0018000373777110543]",50,3,3.15,70,0.3,1.0,2.0,0.16,0.03
CAB,3,0.2472395072113902,"[0.017683778278763114, -0.05600333293435924, -0.04872131852344531, -0.056377226128728586, -0.006548565691628398, -0.02827937034433945]",50,1,3.12,70,0.3,1.0,2.0,0.16,0.03
CAB,4,1.723858604525891,"[0.07732132381645987, 0.062081803514682773, 0.013985351271573285, 0.12233044288414019, -0.0013546953186270305, 0.9030594653994307]",50,3,3.18,70,0.3,1.0,2.0,0.16,0.03
CAB,0,1.8180844274965904,"[0.24897357164045777, -0.09584580946561702, 0.2636946189808787, 0.11011987441768906, -0.0016263594941546555, 0.19842139019342397]",50,5,3.2,70,0.3,1.0,2.0,0.16,0.07
CAB,1,5.542670404995047,"[-2.1960170648316106, 0.41225630474639113, 0.515818713370246, 0.05065092208395258, -0.7718756558756661, 0.7180574688225149]",14,10,0.92,70,0.3,1.0,2.0,0.16,0.07
CAB,2,0.5508600220545117,"[0.07064905726631379, -0.05645894431414354, 0.05866915221907304, -0.1173406651673479, 0.07457768329701517, 0.027389450751286945]",50,0,3.14,70,0.3,1.0,2.0,0.16,0.07
CAB,3,0.1858091002278326,"[-0.05966993472673563, -0.010220704143211504, 0.002716835965345891, -0.04462269924639751, 0.011191772572722448, 0.024124972518312707]",50,0,3.12,70,0.3,1.0,2.0,0.16,0.07
CAB,4,0.4825851060613222,"[-0.13349737882527707, 0.04207017541964409, 0.03997929505443138, 0.034181862654529424, 0.045931454387705795, -0.0453888783201307]",50,0,3.15,70,0.3,1.0,2.0,0.16,0.07
CAB,0,3.070504937499042,"[0.9645148924415068, 0.025750885116922025, 0.31221861462720313, 0.07022113564528157, -0.6175011532922142, 0.12229387065135679]",50,1,3.28,70,0.3,1.2,1.5,0.13,0.03
CAB,1,2.426490034702564,"[-0.9551023043684567, 0.08603310993788164, 0.026300903528830438, -0.12804228471198176, -0.8713352996120293, 0.08981555333495343]",50,1,3.24,70,0.3,1.2,1.5,0.13,0.03
CAB,2,2.134652202153078,"[0.17059108358105732, 0.28831056182440656, -0.10893749131867116, -0.3938018125285114, 0.059555006679567375, -0.0021023312774138218]",50,1,3.24,70,0.3,1.2,1.5,0.13,0.03
CAB,3,0.9864928391785956,"[0.1744136267267561, 0.1555199241014606, 0.1224818600611629, 0.018359038617021633, 0.003358578889248289, 0.0629473511623942]",50,1,3.22,70,0.3,1.2,1.5,0.13,0.03
CAB,4,2.488040122247171,"[-0.0008898563251772788, 0.07657422294800498, -0.09343751481986759, 0.3763972454987942, -0.12563442578916822, 0.7840522337066399]",50,2,3.25,70,0.3,1.2,1.5,0.13,0.03
CAB,0,3.183842461726773,"[0.755381121975504, -0.7940096221499247, -0.052018338920238646, -0.10053567452996796, -0.44355622893109514, 0.09018405417618666]",50,3,3.28,70,0.3,1.2,1.5,0.13,0.07
CAB,1,1.5293400337941425,"[-0.22765470502487506, -0.1763364038208418, -0.014299745164036287, 0.14842242777847658, -0.1312783296791456, -0.13771620632893833]",50,0,3.23,70,0.3,1.2,1.5,0.13,0.07
CAB,2,1.56695574734777,"[0.09735062214864133, 0.04478285492154708, -0.21414361899425327, -0.17283405597881074, -0.0546751546187895, 0.2451253044593062]",50,1,3.24,70,0.3,1.2,1.5,0.13,0.07
CAB,3,0.92202415503569,"[-0.02349096349372485, -0.08595926674246712, -0.07607363292605095, 0.029393176139948855, 0.2289858220273505, -0.053272337531397644]",50,3,3.24,70,0.3,1.2,1.5,0.13,0.07
CAB,4,2.227024899130456,"[-0.08796803474947346, 0.5581003737801471, -0.023756729275930692, -0.07105547183644423, -0.2643746945004008, 0.11593377877242948]",50,3,3.22,70,0.3,1.2,1.5,0.13,0.07
CAB,0,1.7899019156142768,"[0.0012159819130211809, 0.04737859846115755, 0.01155927778352515, 0.4354376570115241, -0.06670579707260353, -0.20590470920895776]",50,1,3.25,70,0.3,1.2,1.5,0.16,0.03
CAB,1,0.2892287076118163,"[-0.050959080159345777, -0.017930913143193252, -0.006916694700474929, 0.04788845815789741, -0.078035837384191, 0.03334529272463423]",50,1,3.15,70,0.3,1.2,1.5,0.16,0.03
CAB,2,0.869286183670074,"[0.16907745451963924, -0.003629837056230864, 0.03603653479746659, -0.16977864891691394, 0.03063716566526177, 0.05197315480093238]",50,0,3.17,70,0.3,1.2,1.5,0.16,0.03
CAB,3,0.2854266349868557,"[-0.029029619943219488, 0.023494518754152028, 0.024454964120870483, 0.035584104662058816, -0.08293923221933588, 0.04572676219820535]",50,2,3.14,70,0.3,1.2,1.5,0.16,0.03
CAB,4,0.8620228124879437,"[-0.1473879827396116, 0.010854754756527044, -0.04392949489619155, -0.09743635970149034, -0.035924360445883666, 0.1620481088377621]",50,0,3.18,70,0.3,1.2,1.5,0.16,0.03
CAB,0,2.214606927139372,"[0.990893673506184, -0.002542700848521807, -0.03596697344591117, 0.07428851874022722, -0.9058912484532523, -0.0033016823791154545]",50,2,3.2,70,0.3,1.2,1.5,0.16,0.07
CAB,1,0.2600394609084451,"[-0.0174709268069072, 0.012924019885785468, -0.07148166810509013, -0.01831647754263413, -0.06795127774586529, 0.010675338962261213]",50,2,3.22,70,0.3,1.2,1.5,0.16,0.07
CAB,2,1.52896109795017,"[-0.04707266265937525, 0.18454477642391903, 0.017261895827088963, -0.353393165644436, 0.002989680272762389, 0.0632997359642073]",50,0,3.18,70,0.3,1.2,1.5,0.16,0.07
CAB,3,2.483906799321478,"[0.1373678555853143, -1.0041473182682825, 0.12344188838458407, 0.8765520399002168, -0.009286828887831992, 0.042737976780183054]",50,1,3.14,70,0.3,1.2,1.5,0.16,0.07
CAB,4,1.1628383929957455,"[0.00012512953826113865, 0.2464298029887598, -0.12162049320652302, 0.14303554254894696, -0.039486039875841386, 0.010640559326413942]",50,0,3.16,70,0.3,1.2,1.5,0.16,0.07
CAB,0,2.6671258197848897,"[0.7502636590361016, -0.39398131632469413, 0.10612777644820967, 0.14110438834380565, 0.08793349421787201, -0.1285771548931415]",50,1,3.22,70,0.3,1.2,2.0,0.13,0.03
CAB,1,1.33177165250255,"[-0.15065724891115356, -0.18040427699170697, -0.041692420190526505, 0.012471270587718474, -0.23036285206995802, -0.08119493967300986]",50,0,3.15,70,0.3,1.2,2.0,0.13,0.03
CAB,2,0.8157617469457645,"[-0.059500324282495645, 0.19427611710534154, 0.07575730497843834, -0.017109893907495875, 0.0930165192966068, 0.0337524166888853]",50,0,3.19,70,0.3,1.2,2.0,0.13,0.03
CAB,3,1.5671166085333827,"[-0.29443886107583295, 0.06913884765523504, -0.14627848815397662, -0.15593811718517941, -0.07872969350462568, -0.10440301381302836]",50,0,3.13,70,0.3,1.2,2.0,0.13,0.03
CAB,4,1.8114261015868824,"[-0.2267607502746438, -0.023925367480936346, -0.11196709700320734, 0.11196843197068725, 0.3094571148621429, 0.15050264095094049]",50,3,3.18,70,0.3,1.2,2.0,0.13,0.03
CAB,0,1.4454764389440098,"[0.19905767977088332, 0.06137826715166177, 0.28056016920042604, 0.020412531700133935, -0.05070405286791382, -0.11201292043427986]",50,0,3.2,70,0.3,1.2,2.0,0.13,0.07
CAB,1,2.349737418545495,"[-0.02178417873871419, -0.8767607245183373, -0.026205546211359128, -0.013655116655223152, -1.0632787376240995, -0.07560411365477285]",50,8,3.15,70,0.3,1.2,2.0,0.13,0.07
CAB,2,1.0514098054554641,"[0.005548869735614803, 0.1837038690234058, -0.12590523729959416, 0.01193918851372813, 0.15666802915129222, 0.08229145360372514]",50,0,3.17,70,0.3,1.2,2.0,0.13,0.07
CAB,3,1.4952477023804929,"[0.4080696742064942, -0.004579043038946094, -0.004449855197127789, 0.04901645825066565, 0.09480575723974177, 0.05971239747359812]",50,2,3.13,70,0.3,1.2,2.0,0.13,0.07
CAB,4,1.8075181004754168,"[0.06514787479732835, 0.06269790544305334, -0.3457551396980632, -0.2077056892045474, 0.10209447169154422, 0.14687897101246994]",50,1,3.18,70,0.3,1.2,2.0,0.13,0.07
CAB,0,1.5703135600815448,"[0.8460272766915157, -0.008039828107779368, 0.010412874421279543, -0.06747152969932275, -0.006434942752250485, 0.018848195395592772]",50,0,3.15,70,0.3,1.2,2.0,0.16,0.03
CAB,1,5.566858570027833,"[-2.2080252426815568, 0.4322461631545427, 0.48757324284477777, 0.03446038846054451, -0.7983853223006965, 0.6971010083295154]",14,10,0.91,70,0.3,1.2,2.0,0.16,0.03
CAB,2,0.2883775755388247,"[0.05516463870792942, 0.04580304319839912, -0.01580126771942797, -0.03338206576296386, -0.029098832909766916, 0.07098572103465453]",50,1,3.07,70,0.3,1.2,2.0,0.16,0.03
CAB,3,0.7645062662004354,"[0.15440196178555365, -0.11330813759131247, -0.01926202818158116, 0.03469417099159795, 0.04639717677850632, 0.1029103551910103]",50,0,3.05,70,0.3,1.2,2.0,0.16,0.03
CAB,4,1.5912003776450914,"[-0.15482201554890276, -0.002555383484917592, 0.05695673511354534, -0.12657617427319973, 0.2316019330012223, 0.23897372318273263]",50,0,3.09,70,0.3,1.2,2.0,0.16,0.03
CAB,0,1.7902067113127385,"[0.6530014351930229, -0.09925528355537735, -0.013904564281212641, 0.048439878080104554, -0.014864881235094198, 0.05988386535909922]",50,0,3.13,70,0.3,1.2,2.0,0.16,0.07
CAB,1,5.542670404995047,"[-2.1960170648316106, 0.41225630474639113, 0.515818713370246, 0.05065092208395258, -0.7718756558756661, 0.7180574688225149]",14,10,0.91,70,0.3,1.2,2.0,0.16,0.07
CAB,2,0.1819903041268387,"[-0.022729361008233535, -0.006730979161763911, 0.021622322547233175, -0.021332521682115187, -0.013699288049743873, 0.06710928324836649]",50,2,3.07,70,0.3,1.2,2.0,0.16,0.07
CAB,3,1.1068870218357465,"[0.16688758880332177, -0.10304583483745647, -0.008655384184448011, 0.1771419660459585, -0.12691803509873448, -0.03177529078494169]",50,1,3.06,70,0.3,1.2,2.0,0.16,0.07
CAB,4,1.4407162541789131,"[0.07585954169462251, 0.12865348415755878, 0.04348531079582811, 0.02652183999773909, 0.11477096837898905, 0.3265223934441456]",50,0,3.09,70,0.3,1.2,2.0,0.16,0.07
CAB,0,2.9875310435426603,"[1.1248798268443532, 0.06206899980981193, 0.14530492845070317, 0.06932934828174446, -0.7550619836268707, -0.16197173401191944]",50,0,3.24,70,0.5,1.0,1.5,0.13,0.03
CAB,1,1.750332890991864,"[-0.8052546497261899, 0.08107573888934422, 0.015432162352755983, 0.07481110928154013, -0.07595567494642258, -0.0682689113036483]",50,1,3.19,70,0.5,1.0,1.5,0.13,0.03
CAB,2,1.749535925209266,"[0.05237699808389626, 0.014032164808845938, 0.02975815260049825, -0.6993733721715691, -0.03437701926958647, 0.09032155026283285]",50,0,3.21,70,0.5,1.0,1.5,0.13,0.03
CAB,3,2.141078787324734,"[0.025295906699713176, -0.15253127760753168, -0.04550336459153364, -0.23028407336037704, 0.7692953529763946, 0.018159363079491266]",50,2,3.18,70,0.5,1.0,1.5,0.13,0.03
CAB,4,1.5086038982972636,"[0.2947783821998121, 0.0672884072775542, -0.008812861957451974, 0.11355969336051175, 0.018167339218935562, 0.2106345703343857]",50,2,3.23,70,0.5,1.0,1.5,0.13,0.03
CAB,0,3.450928765273322,"[1.2561676893675482, -0.6652025134947996, -0.16804092315499436, -0.03247440246983823, -0.1662131512490581, 0.04499325443465477]",50,0,3.23,70,0.5,1.0,1.5,0.13,0.07
CAB,1,1.9664728999285939,"[-0.1893834194734384, -0.05901234477216423, -0.03703318807859027, 0.6674692994692719, 0.03783859962243874, 0.035163316471205505]",50,5,3.19,70,0.5,1.0,1.5,0.13,0.07
CAB,2,1.862319631999537,"[-0.15672970601937178, -0.011031754608396522, 0.06492380256578228, -0.24013403885505671, -0.07583075272331471, 0.3517133034163543]",50,2,3.22,70,0.5,1.0,1.5,0.13,0.07
CAB,3,1.0763888230927567,"[0.03179915061140962, -0.1254719629639093, -0.02950047177806965, 0.04981117935220283, -0.01334810804334444, 0.26431211347336575]",50,0,3.18,70,0.5,1.0,1.5,0.13,0.07
CAB,4,2.7848114684039733,"[0.2129928149166586, 0.8427537734748651, -0.001330636462367904, -0.09009403902074059, 0.3942051949765985, 0.17615983907805527]",50,0,3.26,70,0.5,1.0,1.5,0.13,0.07
CAB,0,1.7493068512600236,"[-0.006790439790226163, -0.25486798323918913, 0.23330930728178173, -0.08857488050398975, -0.11049228460596078, -0.199869958776343]",50,4,3.17,70,0.5,1.0,1.5,0.16,0.03
CAB,1,0.37469639757556594,"[-0.027491796833283934, 0.021682085243229787, 0.062379220069265905, 0.07784997565307705, 0.04941972991175736, 0.0675781189353075]",50,0,3.23,70,0.5,1.0,1.5,0.16,0.03
CAB,2,0.24822075848299763,"[0.04507033944177843, -0.008475565287758892, -0.02912190912488779, -0.08063395861091971, -0.006047152304555964, 0.02116030610679042]",50,2,3.16,70,0.5,1.0,1.5,0.16,0.03
CAB,3,0.8965563726890236,"[0.06373549369406774, -0.04085208023711855, 0.10838023262407842, 0.2165653656902474, -0.035603834761135385, -0.02747762148558114]",50,3,3.13,70,0.5,1.0,1.5,0.16,0.03
CAB,4,1.9502757029086166,"[-0.3193166985097035, -0.09550418873432645, -0.10519703077307542, 0.09279462836064858, 0.24855033910269086, 0.16984522787767567]",50,2,3.17,70,0.5,1.0,1.5,0.16,0.03
CAB,0,1.3241215674408733,"[0.052544995669072066, 0.10552167569899547, -0.0022074675982902622, 0.0996077556583237, -0.32535222467472125, -0.018699841063893156]",50,0,3.2,70,0.5,1.0,1.5,0.16,0.07
CAB,1,1.5487398201177993,"[-0.9049559111750638, -0.02837699737457028, -0.060094291479953, 0.006906950128677505, 0.011943521890974303, -0.019976163610045096]",50,6,3.15,70,0.5,1.0,1.5,0.16,0.07
CAB,2,1.042578897537965,"[0.039997529872841095, 0.07372953258065051, -0.1510322586512866, 0.14979171137303357, 0.025051153346601487, -0.16337171939041484]",50,7,3.19,70,0.5,1.0,1.5,0.16,0.07
CAB,3,0.9632413910911528,"[0.10730302873088615, 0.09771914132670229, 0.1995219122718513, 0.01524024403824168, 0.09599641764302891, -0.03975883863958416]",50,0,3.12,70,0.5,1.0,1.5,0.16,0.07
CAB,4,2.1743589702511454,"[0.8977494191207145, -0.147532925720272, 0.028262618807502936, -0.09798787113029025, -0.13821025591343486, 0.18545220685349392]",50,1,3.17,70,0.5,1.0,1.5,0.16,0.07
CAB,0,2.7061575482430453,"[0.8956448163499506, -0.13048001172481744, 1.1209093758796578, -0.13641095659405375, 0.013108736316979097, 0.021133755009089455]",50,1,3.2,70,0.5,1.0,2.0,0.13,0.03
CAB,1,1.2936409033363536,"[-0.2022340476508779, 0.08451792854386543, 0.10519823723914286, -0.11073483795824803, -0.11796613385642908, 0.15300488357970785]",50,1,3.19,70,0.5,1.0,2.0,0.13,0.03
CAB,2,1.1735694416625404,"[0.07832899929834095, 0.08208353444747726, 0.05115704228174674, 0.1526610879354227, -0.2436640500093488, -0.016452260358353822]",50,2,3.21,70,0.5,1.0,2.0,0.13,0.03
CAB,3,1.6170286936490759,"[-0.009758014997476411, -0.8443579218676676, 0.03534934135436487, -0.05665053873550415, 0.07369139562341714, -0.016448350127362288]",50,0,3.16,70,0.5,1.0,2.0,0.13,0.03
CAB,4,1.7647896216977341,"[0.14031974023884558, 0.006006918022252521, 0.2663397048399061, -0.22018352806111854, 0.05898447683839696, -0.19935506812146037]",50,0,3.22,70,0.5,1.0,2.0,0.13,0.03
CAB,0,3.1381954006224544,"[0.9572087356353339, -0.18820505828064188, 0.08081164716146187, 0.2935614394735037, -0.9018604456815058, -0.17856091336780847]",50,0,3.25,70,0.5,1.0,2.0,0.13,0.07
CAB,1,1.0063992765311487,"[-0.09792661659316004, 0.002927032005088672, -0.09292713155163518, -0.08754535718801207, -0.07412223535666893, 0.21390400903069795]",50,0,3.21,70,0.5,1.0,2.0,0.13,0.07
CAB,2,1.681354084709295,"[0.07562333759310985, 0.16298154700945094, -0.2788452439161536, 0.11746261868034996, -0.21554735628792826, 0.0066157286603873745]",50,2,3.21,70,0.5,1.0,2.0,0.13,0.07
CAB,3,2.2000923802828862,"[0.9005707860459339, -0.921725573794244, 0.03705988865848683, 0.009209946722908322, -0.07272245128305428, -0.028496832493172242]",50,0,3.18,70,0.5,1.0,2.0,0.13,0.07
CAB,4,1.8795522476402948,"[-0.14128794578508197, -0.03839354328015558, 0.20002888957970105, -0.13082386801236848, -0.09920398156550453, 0.3595632065992005]",50,0,3.24,70,0.5,1.0,2.0,0.13,0.07
CAB,0,1.1744956605132875,"[0.12173920418824428, 0.10791659818760635, 0.21740074472617066, 0.004570497454631613, -0.14127565688371488, -0.04857994101765357]",50,1,3.18,70,0.5,1.0,2.0,0.16,0.03
CAB,1,1.2687374134200522,"[0.03013344277998088, -0.0372892068551277, -0.03273169855362071, -0.011182395341439125, -0.35024815539545884, -0.06791974047619763]",50,0,3.12,70,0.5,1.0,2.0,0.16,0.03
CAB,2,0.14692842249364135,"[-0.027251773164980068, -0.020600565291622776, 0.010460738594947136, 0.03002358971663196, -0.04664203070386298, 0.006890853341529564]",50,6,3.12,70,0.5,1.0,2.0,0.16,0.03
CAB,3,0.3341367859128366,"[0.04890107883314203, -0.03718634731816775, -0.007667522107535858, -0.0755720895511181, 0.0035759733938284556, -0.07656902075382968]",50,1,3.09,70,0.5,1.0,2.0,0.16,0.03
CAB,4,1.5240427104972878,"[-0.010209398972923434, 0.03235579071563324, 0.018124100128277226, 0.02037570184207222, -0.018564539853578466, 0.8944427624384836]",50,1,3.12,70,0.5,1.0,2.0,0.16,0.03
CAB,0,2.2907837104205986,"[1.0071761627866993, 0.040846902685816165, 0.021095996691723136, 0.9229493695372661, 0.08360963760625123, 0.07195293209810665]",50,1,3.16,70,0.5,1.0,2.0,0.16,0.07
CAB,1,0.0957435249924683,"[-0.02208842761861029, -0.018954180417085006, 0.003346876590755301, 0.026603711961280377, 0.01817005021655306, 0.01712318117233958]",50,2,3.16,70,0.5,1.0,2.0,0.16,0.07
CAB,2,0.2059307607686276,"[-0.03814359273524496, 0.056733527426258826, 0.04789727391111627, -0.020427401372200293, 0.0027850699937602315, -0.008178696244902445]",50,5,3.14,70,0.5,1.0,2.0,0.16,0.07
CAB,3,0.19290670706464086,"[0.04786716951993411, -0.029715047844928177, 0.017376737256257657, -0.02679899245866559, 0.007489385364257377, 0.04992094969947142]",50,1,3.08,70,0.5,1.0,2.0,0.16,0.07
CAB,4,0.14665334940342634,"[0.01795326580371207, 0.009063014247569771, 0.011789171289777887, 0.006191430020540034, 0.03393706109193898, 0.05154939924597973]",50,2,3.12,70,0.5,1.0,2.0,0.16,0.07
CAB,0,2.6958079225085894,"[0.34918651015174007, 0.6687390854721542, 0.20787043200607663, 0.13245221376898336, 0.011984460161954777, 0.12983633788617682]",50,0,3.27,70,0.5,1.2,1.5,0.13,0.03
CAB,1,2.77894631189966,"[-0.9556125542860988, -0.9980761348442243, -0.0194250568525271, 0.10196499454173112, -0.06212268288618091, 0.8671775956684832]",50,0,3.24,70,0.5,1.2,1.5,0.13,0.03
CAB,2,0.8159930084141895,"[0.07417265339331172, 0.002829633848040119, 0.09031615972217043, -0.0948556256077256, 0.058732707515361936, 0.17337727234528416]",50,0,3.25,70,0.5,1.2,1.5,0.13,0.03
CAB,3,2.0559118651169794,"[1.0369448160739125, -0.054793659933671676, 0.10195754206961766, -0.013366817387194288, 0.158489113135023, -0.10341539283746168]",50,0,3.19,70,0.5,1.2,1.5,0.13,0.03
CAB,4,2.6929112788319363,"[0.12223389435886102, 0.7394833459528682, -0.01574494889564703, 0.0023283652581566616, 0.12245905491547082, 0.6601920692091527]",50,0,3.22,70,0.5,1.2,1.5,0.13,0.03
CAB,0,3.0863769413663857,"[0.6366889733987434, -0.006308276404972248, 0.34503495560489106, 0.2780757759322169, -0.36998503710611014, -0.004082874442116898]",50,0,3.23,70,0.5,1.2,1.5,0.13,0.07
CAB,1,1.6235416350722578,"[-0.18248788208459607, -0.09669457873459861, 0.07436027907771728, -0.14215581394059207, -0.18231192994528436, 0.23146072738700865]",50,0,3.19,70,0.5,1.2,1.5,0.13,0.07
CAB,2,1.333979246733524,"[-0.06792042642043634, 0.18542698352270331, -0.07270512435948981, -0.25382809559307606, 0.09518759254011452, 0.03775989173690802]",50,3,3.22,70,0.5,1.2,1.5,0.13,0.07
CAB,3,0.9701396920913194,"[0.014809676419486106, 0.03827151241461716, -0.14833094703083283, 0.07856256429481258, 0.11674726970252007, -0.16817320087153115]",50,0,3.17,70,0.5,1.2,1.5,0.13,0.07
CAB,4,2.0577806134542205,"[0.8091640499046018, -0.04492613029252026, 0.19224130866960323, 0.06802559511668385, -0.040289695381681964, 0.14681343622967102]",50,3,3.22,70,0.5,1.2,1.5,0.13,0.07
CAB,0,2.012651846874491,"[0.29589137182988545, 0.15200494908710202, -0.1344277640287267, 0.16921086622581358, -0.14911441363379854, 0.21002985087869785]",50,2,3.16,70,0.5,1.2,1.5,0.16,0.03
CAB,1,0.1808132461823786,"[-0.05718796728114099, -0.02936491013192311, -0.011824147937619366, -0.01876515661685342, -0.029065236107633816, 0.025147007864924475]",50,0,3.09,70,0.5,1.2,1.5,0.16,0.03
CAB,2,0.3682747852652466,"[0.01506618611900252, 0.06453841529979808, -0.03653277844054656, 0.06611547007098659, -0.05162599511738961, -0.07043819253330867]",50,2,3.1,70,0.5,1.2,1.5,0.16,0.03
CAB,3,1.5405980765032905,"[-0.0341012874061932, -0.8844365984915044, 0.010323592863385949, -0.007510259012559849, 0.04879846673146782, -0.0089706629931721]",50,3,3.09,70,0.5,1.2,1.5,0.16,0.03
CAB,4,1.2323776225490808,"[-0.02344924541178109, 0.15026935811074552, -0.1375220734224224, 0.21453367117199454, 0.014589117773536843, 0.12076081269690006]",50,1,3.12,70,0.5,1.2,1.5,0.16,0.03
CAB,0,1.5982312943686634,"[-0.06574286042090333, -0.03698343258420203, -0.04195447760372444, 0.023807700180002143, -0.2947930066822663, -0.2687116166327694]",50,0,3.16,70,0.5,1.2,1.5,0.16,0.07
CAB,1,0.17703955113024294,"[0.0130053970055422, -0.02226855128008723, -0.032955757265926394, -0.007895682641943343, 0.010058711268795253, -0.06323090345980666]",50,2,3.08,70,0.5,1.2,1.5,0.16,0.07
CAB,2,0.5808308816095438,"[0.08343610253871009, 0.0048959078997583855, 0.1317459561401281, -0.09384860190019514, 0.024817145680722012, 0.025867656244305568]",50,1,3.13,70,0.5,1.2,1.5,0.16,0.07
CAB,3,1.811534177819834,"[0.22269408216152078, -0.3043892698840806, 0.1541227351688002, 0.07827300661520392, -0.14969072905616582, 0.002072401330666998]",50,0,3.11,70,0.5,1.2,1.5,0.16,0.07
CAB,4,0.6131121852459462,"[-0.01477554843793047, 0.12269977433502714, 0.04409165159730595, -0.07435154555327156, 0.11285754550494446, -0.039832580240631826]",50,0,3.14,70,0.5,1.2,1.5,0.16,0.07
CAB,0,2.531282420831897,"[0.6814452950505735, 0.1297503276013834, 0.006830599757229321, 0.925949276363256, -0.025550179264307783, -0.02917821547491363]",50,3,3.19,70,0.5,1.2,2.0,0.13,0.03
CAB,1,1.7943643281379882,"[-0.5073831830962637, -0.03857021715923825, -0.03388225890797555, -0.0920782679446267, -0.052836209166676064, 0.12141045106812981]",50,1,3.17,70,0.5,1.2,2.0,0.13,0.03
CAB,2,1.3470680677057882,"[-0.13065309722567853, 0.19532741841377596, 0.138676714309788, -0.18198579533604867, 0.02295551697058741, -0.08914098181441038]",50,1,3.2,70,0.5,1.2,2.0,0.13,0.03
CAB,3,1.3983758536698159,"[0.07762428846562304, 0.04299454080930957, -0.2948968710023636, 0.19086644372057746, -0.007879860237737981, 0.051447736317421194]",50,0,3.16,70,0.5,1.2,2.0,0.13,0.03
CAB,4,1.518214106373215,"[0.09831636726162238, -0.09624934218129609, -0.2015261212454757, -0.06088010079472254, 0.14529464246532311, 0.23928089432505242]",50,5,3.2,70,0.5,1.2,2.0,0.13,0.03
CAB,0,2.5822319011380803,"[0.220644039879285, -0.3324565826236612, 0.529503803184613, -0.10285583633421023, -0.12793028425044484, 0.0018150266277920796]",50,1,3.24,70,0.5,1.2,2.0,0.13,0.07
CAB,1,0.20824272783455955,"[-0.0032317376565516066, -0.025950531058585673, 0.003885549727377948, -0.02780660057991029, -0.06467214388414327, 0.044044095263219035]",50,1,3.16,70,0.5,1.2,2.0,0.13,0.07
CAB,2,1.1410058722553882,"[0.09515293571432204, 0.14284322621804188, 0.0315609742371704, -0.24635996648796993, 0.06189674695960379, 0.006234355782494042]",50,1,3.19,70,0.5,1.2,2.0,0.13,0.07
CAB,3,1.669301689980888,"[0.17879164615301596, 0.1688324335038907, -0.08187650353295607, 0.1853122219540117, -0.2389904064701891, 0.06487004993786775]",50,3,3.14,70,0.5,1.2,2.0,0.13,0.07
CAB,4,2.1121793916685374,"[-0.2207727671180234, 0.1420801700709882, 0.01651208142365705, 2.2579948427834534e-05, 0.32115706500113683, -0.29361124816005735]",50,1,3.16,70,0.5,1.2,2.0,0.13,0.07
CAB,0,1.0368674298295883,"[0.2656509555250322, -0.03695949754463406, -0.01672622495129346, -0.011704745891645434, 0.11196062023914496, 0.03433527316239634]",50,0,3.08,70,0.5,1.2,2.0,0.16,0.03
CAB,1,1.9309860019805432,"[-0.5688174644348517, -0.05486497228982466, -0.06227252244434442, -0.11390751918759176, -0.12436136591469023, 0.061952857340098116]",50,4,3.07,70,0.5,1.2,2.0,0.16,0.03
CAB,2,0.9547143158289235,"[0.018685820377692328, -0.032488584347291606, -0.007601396484789943, 0.09938443283898149, -0.08757455716165544, 0.23385067352968608]",50,1,3.08,70,0.5,1.2,2.0,0.16,0.03
CAB,3,0.14565472862747386,"[-0.019560487388236892, 0.055967600739513394, -0.01920334590474626, -0.004027671467836016, -0.014804768017786142, 0.01505476813750956]",50,3,3.03,70,0.5,1.2,2.0,0.16,0.03
CAB,4,0.7784158065352149,"[-0.04978021642526602, 0.0865458448940083, 0.01663513997227456, -0.03960005289327595, 0.02444086396465197, 0.2045759122401951]",50,0,3.09,70,0.5,1.2,2.0,0.16,0.03
CAB,0,1.4274253568343878,"[-0.15467321653228788, 0.09623389533512614, -0.19809247225772836, 0.20266261226461355, -0.004805730883085266, 0.11734164386588132]",50,0,3.13,70,0.5,1.2,2.0,0.16,0.07
CAB,1,1.563939784515537,"[-0.8362222120065012, 0.05029441709403778, 0.0005604046440290666, -0.015293331722103416, -0.00940235054553262, 0.028421997483302867]",50,6,3.08,70,0.5,1.2,2.0,0.16,0.07
CAB,2,0.3647440980062169,"[-0.06004126640632368, -0.003299994622824331, 0.0333226019436429, 0.011691073570930934, -0.10758266553049092, 0.034553256473712476]",50,0,3.1,70,0.5,1.2,2.0,0.16,0.07
CAB,3,0.3494398635824436,"[-0.03215938776476214, 0.03238686239535425, 0.03839726251314087, -0.040204434561906525, -0.014846599844920623, 0.10562992792859217]",50,1,3.06,70,0.5,1.2,2.0,0.16,0.07
CAB,4,1.1278974131565431,"[0.009904806155091202, 0.06960173416837186, 0.05015030613776485, -0.03925438884026725, -0.07534949010436363, 0.29218860321031354]",50,0,3.06,70,0.5,1.2,2.0,0.16,0.07
CAB,0,1.5296788297960835,"[0.1784248349394253, 0.15597124616265165, 0.10238700579667281, 0.212642644227682, 0.005524901413885263, -0.17068367804609547]",50,2,6.48,100,0.3,1.0,1.5,0.13,0.03
CAB,1,1.9683448590909056,"[-0.5000317959749865, -0.1202668424028233, -0.0540164195985993, 0.18499908310883878, -0.07659942668609124, 0.011702578792755401]",44,10,5.75,100,0.3,1.0,1.5,0.13,0.03
CAB,2,1.5553620109840023,"[0.1616289686113551, 0.1021387155546808, -0.1910418505379086, -0.22779478284760518, 0.06488668016084728, 0.12701790623069645]",50,0,6.49,100,0.3,1.0,1.5,0.13,0.03
CAB,3,1.7509035744481491,"[0.2941872649462064, -0.17955377905210573, -0.05010639290036267, 0.1821119280990886, -0.11413012313567444, 0.11832993111658559]",50,0,6.48,100,0.3,1.0,1.5,0.13,0.03
CAB,4,2.231803414283498,"[-0.2843997206153519, 0.2926079142991625, 0.17916476370062628, -0.05711111978738564, 0.27366864660925877, 0.0391915964018844]",50,1,6.51,100,0.3,1.0,1.5,0.13,0.03
CAB,0,0.5596007941104344,"[0.06923825816208833, -0.08147098054576155, 0.05173137553987848, 0.13614457352302956, -0.0055997578536478715, 0.005470520943413366]",50,0,6.45,100,0.3,1.0,1.5,0.13,0.07
CAB,1,0.9664994651635834,"[0.0034602154710154237, -0.1361415838516353, 0.15789266244276545, -0.03976084832832101, -0.1623038090094534, 0.018761466885987402]",50,1,6.45,100,0.3,1.0,1.5,0.13,0.07
CAB,2,1.7090311577664363,"[-0.035048655136867515, -0.010818611440682888, 0.04111689050296335, -0.09222607752399256, -0.09390867268465795, 0.8341895847250945]",50,3,6.52,100,0.3,1.0,1.5,0.13,0.07
CAB,3,4.246476912002397,"[2.0442923752976725, -1.0331509444541371, 0.015487964353818651, -1.0363620831491465, 0.9304542176259197, 0.9931981807889398]",20,10,2.62,100,0.3,1.0,1.5,0.13,0.07
CAB,4,1.8389181489428137,"[-0.07246530827371339, -0.012429854674479872, -0.042420873974565676, 0.05405482830105872, 1.0329291516193873, 0.11512955653489884]",50,4,6.5,100,0.3,1.0,1.5,0.13,0.07
CAB,0,1.55609673660592,"[0.02379612292958638, 0.02238167436753031, 0.8259726669655088, 0.0148800622974511, 0.013390359783303574, -0.021721187183587173]",50,3,6.41,100,0.3,1.0,1.5,0.16,0.03
CAB,1,0.2966706868414417,"[0.03211340065122899, -0.04602882386340875, 0.07251968666930093, -0.04052341139857772, -0.04941251760395973, 0.020627805041904007]",50,1,6.38,100,0.3,1.0,1.5,0.16,0.03
CAB,2,0.39173413970766235,"[0.03591012522053484, -0.006122588310647738, -0.0031717702235646156, 0.025251877246180138, 0.023727476373501522, 0.13137198618264545]",50,1,6.37,100,0.3,1.0,1.5,0.16,0.03
CAB,3,4.304877390173086,"[2.024795630318273, -1.0463828094536047, -0.0013343431463956053, -1.0778054802115993, 0.9264958970122117, 1.0160770707181648]",22,10,2.9,100,0.3,1.0,1.5,0.16,0.03
CAB,4,0.408636032768698,"[0.04263841139350788, 0.013836165852233013, -0.1099583697962114, 0.040255843519847984, -0.0628855216329892, 0.03277330613222304]",50,0,6.39,100,0.3,1.0,1.5,0.16,0.03
CAB,0,0.18893002958398997,"[-0.02927521435898711, 0.0028446954409796464, -0.002078737265871806, -0.03387487756847795, 0.034546031657044986, 0.057638053151221315]",50,0,6.32,100,0.3,1.0,1.5,0.16,0.07
CAB,1,0.41101473123396604,"[0.017977478241911735, -0.03505540665960728, 0.04054083635378863, 0.03560134148886662, -0.11921410247393703, -0.04826815247247164]",50,0,6.31,100,0.3,1.0,1.5,0.16,0.07
CAB,2,1.540735820775407,"[0.014337150817629315, -0.046115329737233354, -0.000241910732606751, 0.013339768371702962, -0.017936470771859843, 0.8618710242647729]",50,0,6.34,100,0.3,1.0,1.5,0.16,0.07
CAB,3,4.232872755237597,"[2.0430689751504274, -1.0214831930325874, 0.007373090279733933, -1.0430958143638016, 0.9638100077606653, 1.0117295276304272]",20,10,2.61,100,0.3,1.0,1.5,0.16,0.07
CAB,4,1.3996897638198367,"[0.035468541359994846, 0.18184952300919255, -0.10254482409574439, 0.2545834094870286, 0.11685467972398822, -0.062385959884825794]",50,1,6.38,100,0.3,1.0,1.5,0.16,0.07
CAB,0,0.1762240535156363,"[-0.00029544955043494733, -0.026532125625992668, 0.06009770774676908, -0.008857966232080686, -0.011598133139250353, 0.0365891840339486]",50,0,6.38,100,0.3,1.0,2.0,0.13,0.03
CAB,1,0.11632480197677042,"[0.0028618669947355225, -0.009103759198298957, 0.034820130740443475, -0.003314111553902533, -0.0022555498070832396, 0.0412561988009255]",50,0,6.35,100,0.3,1.0,2.0,0.13,0.03
CAB,2,0.5257563017166658,"[0.005685504393576093, 0.09118077398503247, -0.13066192509980962, -0.03845615373259468, -0.02122579812354726, 0.0508181574810125]",50,3,6.42,100,0.3,1.0,2.0,0.13,0.03
CAB,3,4.3473708700646405,"[2.0239999727088467, -1.0800445126142881, 0.019261811733558187, -1.0552756594978887, 0.8986590696944237, 1.011867601054195]",20,10,2.62,100,0.3,1.0,2.0,0.13,0.03
CAB,4,1.9008797310920085,"[0.03894081430860255, 0.19331503264581465, -0.3950918484967939, 0.0861591442307326, 0.14247119230020405, 0.10747746578017929]",50,3,6.43,100,0.3,1.0,2.0,0.13,0.03
CAB,0,1.116176963301783,"[0.19011753371057336, -0.07078132139020527, 0.10164614297471514, 0.08654404334921381, 0.020939711715149318, 0.1703982845387636]",50,0,6.41,100,0.3,1.0,2.0,0.13,0.07
CAB,1,0.12158263994953744,"[0.027345109847859178, -0.0065041508610148, 0.02422222293049936, -0.0057166882461231125, -0.014723583177713072, -0.04024147742486775]",50,0,6.37,100,0.3,1.0,2.0,0.13,0.07
CAB,2,1.868994175139648,"[0.078048262988035, 0.04134310922069849, 0.13755246436788496, 0.02887364820702812, -0.024661651368297798, 0.6771629876648404]",50,0,6.43,100,0.3,1.0,2.0,0.13,0.07
CAB,3,4.246476912002397,"[2.0442923752976725, -1.0331509444541371, 0.015487964353818651, -1.0363620831491465, 0.9304542176259197, 0.9931981807889398]",20,10,2.62,100,0.3,1.0,2.0,0.13,0.07
CAB,4,1.4023382945805385,"[0.22564837800689497, -0.03749740885316038, 0.20755504877771813, 0.041548608072695344, 0.13921396242019726, 0.0980757005680449]",50,1,6.43,100,0.3,1.0,2.0,0.13,0.07
CAB,0,0.3399589925266402,"[0.01615908060035285, 0.008955411735040091, 0.028082427275589655, 0.06413354629861048, 0.08700090797584052, 0.05489649625044581]",50,1,6.27,100,0.3,1.0,2.0,0.16,0.03
CAB,1,0.17624542562607504,"[-0.03227660893599493, -0.045923136001032226, -0.03858302464913496, 0.01651770494075709, -0.01729919420723043, 0.02543164852065723]",50,1,6.22,100,0.3,1.0,2.0,0.16,0.03
CAB,2,0.16273624280145116,"[-0.03063386549815797, 0.05293399590111833, 0.005638730004301732, 0.020764352573474074, -0.013891002745038312, 0.02790033059525846]",50,1,6.3,100,0.3,1.0,2.0,0.16,0.03
CAB,3,4.470374334461425,"[2.042022321710111, -1.0466523448346639, 0.04399749125422973, -1.0157043393894725, 0.814168197291435, 1.0510667804666072]",18,10,2.36,100,0.3,1.0,2.0,0.16,0.03
CAB,4,1.79824968458782,"[0.16919806493332432, -0.03527050197493236, 0.0013730883695962938, 0.34147079094752336, -0.06925705821042578, 0.226246252312915]",50,6,6.3,100,0.3,1.0,2.0,0.16,0.03
CAB,0,0.155014912010206,"[0.025028813327056705, -0.0020184209554295115, -0.005859808181423121, 0.04627501912874446, 0.04028562133087865, -0.01904441300094105]",50,0,6.23,100,0.3,1.0,2.0,0.16,0.07
CAB,1,0.14409648199728453,"[0.017653428424887384, -0.040774605553726494, -0.009250157964840022, -0.03203374100983967, -0.009707441389423619, 0.03294225529143898]",50,6,6.23,100,0.3,1.0,2.0,0.16,0.07
CAB,2,0.15290807987191757,"[0.03787541939385112, 0.009833603380984289, 0.010755629241014007, -0.030164578101678007, -0.03824718117789182, -0.02582135407831814]",50,0,6.25,100,0.3,1.0,2.0,0.16,0.07
CAB,3,4.294860478164644,"[2.0415119110776, -0.9963128084617957, 0.018922583494543687, -1.0034798928046984, 0.8689374139705229, 1.037490643487059]",18,10,2.36,100,0.3,1.0,2.0,0.16,0.07
CAB,4,0.5151229534385782,"[-0.016061461728750625, 0.05773999200383216, 0.05745820954491932, 0.007082002809657099, 0.14849467489991583, -0.019583206241705786]",50,1,6.33,100,0.3,1.0,2.0,0.16,0.07
CAB,0,1.0108509516481274,"[0.07068475713530642, -0.05319902810550623, 0.08530910624593296, 0.18423836125338802, 0.05793612528722253, 0.1552598368488711]",50,1,6.44,100,0.3,1.2,1.5,0.13,0.03
CAB,1,0.8089855578935148,"[0.09752098830805278, -0.09660051432162893, -0.1014493267315149, 0.10244428564331055, 0.10115258676809756, -0.0666167649500044]",50,2,6.43,100,0.3,1.2,1.5,0.13,0.03
CAB,2,0.5607245098671183,"[0.085653400294141, -0.02872038322474315, 0.04703240656685937, 0.01672334850827516, -0.033368029758312844, 0.14565861607207883]",50,0,6.49,100,0.3,1.2,1.5,0.13,0.03
CAB,3,1.6833432775585107,"[0.2467000159682312, -0.2101798341133866, -0.033927293983421924, -0.10307515982204722, 0.2138344343164656, 0.07466369947239189]",50,0,6.44,100,0.3,1.2,1.5,0.13,0.03
CAB,4,2.4058968531698395,"[1.0018849823049987, -0.015035118846240075, 0.014049324015146573, 0.3970394891312845, -0.036394086390111116, -0.025326398886925252]",50,0,6.48,100,0.3,1.2,1.5,0.13,0.03
CAB,0,0.4715911518182385,"[0.10732039013646252, -0.01305297304762661, 0.00561543325208012, -0.00721033707509967, -0.05730456936716814, -0.10240012546432772]",50,0,6.5,100,0.3,1.2,1.5,0.13,0.07
CAB,1,2.2446872804558677,"[-0.952862964216821, 0.007256292299395136, 0.005538875201586331, 0.10539767321485799, -0.8891372023158204, -0.02725703008608648]",50,4,6.44,100,0.3,1.2,1.5,0.13,0.07
CAB,2,1.5792763428021037,"[0.025717491510399832, 0.054092955293611515, -0.2006040501407208, 0.2418861386295038, -0.12852512409340694, 0.17966311827884815]",50,0,6.48,100,0.3,1.2,1.5,0.13,0.07
CAB,3,4.246476912002397,"[2.0442923752976725, -1.0331509444541371, 0.015487964353818651, -1.0363620831491465, 0.9304542176259197, 0.9931981807889398]",20,10,2.63,100,0.3,1.2,1.5,0.13,0.07
CAB,4,1.7772270626169733,"[-0.057405756971786084, 0.0830836575631084, -0.067043992254885, 0.009199115016313347, 0.7967832217603117, 0.10360944043632979]",50,0,6.49,100,0.3,1.2,1.5,0.13,0.07
CAB,0,0.19237993434845935,"[-0.029489725978256248, -0.04164341945197024, -0.02842467688491332, -0.023360628522080394, 0.05186123391491559, -0.00811447643198797]",50,3,6.26,100,0.3,1.2,1.5,0.16,0.03
CAB,1,0.24478883991907852,"[0.003459446632353499, 0.03410936874876261, 0.08579760126805354, 0.020297362784505005, 0.006185781884120483, -0.02759512000389889]",50,3,6.26,100,0.3,1.2,1.5,0.16,0.03
CAB,2,1.1705899406580937,"[0.04427030953875525, 0.31098241250817005, -0.023805615375653764, -0.0008638261770771427, 0.007964083864973739, 0.0978292783547652]",50,1,6.3,100,0.3,1.2,1.5,0.16,0.03
CAB,3,4.304877390173086,"[2.024795630318273, -1.0463828094536047, -0.0013343431463956053, -1.0778054802115993, 0.9264958970122117, 1.0160770707181648]",22,10,2.89,100,0.3,1.2,1.5,0.16,0.03
CAB,4,0.5508116568630155,"[0.17119288698788684, -0.031974053775152, 0.029209106038108713, -0.02741989688925227, 0.017608841774356832, 0.025503921670166747]",50,1,6.32,100,0.3,1.2,1.5,0.16,0.03
CAB,0,0.13847319238280464,"[-0.005673630776387191, 0.011905825133994727, 0.03183901672990631, -0.0233392373279521, 0.036594134481349384, -0.030500708660719262]",50,0,6.28,100,0.3,1.2,1.5,0.16,0.07
CAB,1,0.2732238664827382,"[-0.06920805462695509, 0.025363739128352054, 0.013552725391900135, -0.010838258364965436, 0.008423287079576604, 0.07526306214742977]",50,0,6.34,100,0.3,1.2,1.5,0.16,0.07
CAB,2,0.29686246041570685,"[0.08607423379313378, 0.044303719843266795, 0.03102240647324988, -0.0006753857956014707, 0.04879885558790373, -0.016004615502842778]",50,2,6.33,100,0.3,1.2,1.5,0.16,0.07
CAB,3,4.232872755237597,"[2.0430689751504274, -1.0214831930325874, 0.007373090279733933, -1.0430958143638016, 0.9638100077606653, 1.0117295276304272]",20,10,2.63,100,0.3,1.2,1.5,0.16,0.07
CAB,4,0.4900122386589101,"[-0.013320963080828287, 0.10657287685318857, -0.10667433604875198, 0.01636718036959956, 0.01829641101282778, 0.058771810624208484]",50,0,6.32,100,0.3,1.2,1.5,0.16,0.07
CAB,0,0.3096546508675222,"[0.02867347820283672, 0.0962836754859971, -0.035827040469730884, -0.013694926289965487, -0.014770009799675925, 0.045397421777684833]",50,0,6.34,100,0.3,1.2,2.0,0.13,0.03
CAB,1,0.3991547499438153,"[0.06522407343348521, -0.0374113813900008, -0.0129658571486014, -0.028763041493178206, -0.11578268472830096, -0.00888005321499162]",50,1,6.33,100,0.3,1.2,2.0,0.13,0.03
CAB,2,2.422422742975528,"[0.031056484569668166, 0.013386936521697273, 0.014667942887879783, -1.0598535734442336, -0.1388382381866099, 0.9391227631361387]",45,10,5.88,100,0.3,1.2,2.0,0.13,0.03
CAB,3,4.3473708700646405,"[2.0239999727088467, -1.0800445126142881, 0.019261811733558187, -1.0552756594978887, 0.8986590696944237, 1.011867601054195]",20,10,2.61,100,0.3,1.2,2.0,0.13,0.03
CAB,4,1.3485240866820445,"[0.09582187570383797, 0.03579877050737842, 0.02194388553678522, 0.36580256151292057, 0.020471874695899638, 0.01995283836426617]",50,1,6.41,100,0.3,1.2,2.0,0.13,0.03
CAB,0,0.4208043743505212,"[-0.03694135272335183, -0.028067048179847266, 0.04060706560890794, -0.12156032535971874, -0.045907593828288906, -0.03248215529885313]",50,4,6.41,100,0.3,1.2,2.0,0.13,0.07
CAB,1,0.34282846625126284,"[0.11165084229337814, 0.01716225818336834, 0.014160530041888102, 0.03426367124117459, -0.005164308868291361, 0.04469781697823144]",50,1,6.41,100,0.3,1.2,2.0,0.13,0.07
CAB,2,0.8323481054688284,"[-0.18083946178029706, 0.05691672823672539, -0.07462238811272941, -0.08900484496720662, 0.030902369463381714, -0.0871019982300852]",50,1,6.4,100,0.3,1.2,2.0,0.13,0.07
CAB,3,4.246476912002397,"[2.0442923752976725, -1.0331509444541371, 0.015487964353818651, -1.0363620831491465, 0.9304542176259197, 0.9931981807889398]",20,10,2.62,100,0.3,1.2,2.0,0.13,0.07
CAB,4,0.7901230912770107,"[0.15949531510574327, -0.09501612789588797, -0.006851022458933395, 0.12400275330640712, -0.032988798435523416, 0.05085250148183825]",50,1,6.38,100,0.3,1.2,2.0,0.13,0.07
CAB,0,0.1544255373995047,"[0.016775998256846433, -0.06005395905177262, -0.022509804266768282, -0.01614435276409487, -0.008695957169564335, 0.006343466991665972]",50,5,6.18,100,0.3,1.2,2.0,0.16,0.03
CAB,1,0.21733918172639877,"[0.01901162745639176, -0.07183390143184654, -0.04312202544753047, 0.025139189675044755, -0.010092126898853696, -0.0014419878217110617]",50,5,6.17,100,0.3,1.2,2.0,0.16,0.03
CAB,2,0.16161769093963274,"[0.028526066220335388, 0.05326726117255839, -0.013634506439809894, 0.03411122957370978, -0.010918827007938323, -0.0003390997502693248]",50,7,6.22,100,0.3,1.2,2.0,0.16,0.03
CAB,3,4.470374334461425,"[2.042022321710111, -1.0466523448346639, 0.04399749125422973, -1.0157043393894725, 0.814168197291435, 1.0510667804666072]",18,10,2.36,100,0.3,1.2,2.0,0.16,0.03
CAB,4,0.39255916215007547,"[-0.06245831683819026, -0.06297519641498434, -0.058690939275442555, 0.05487858345394969, 0.0707550457322303, 0.010082640436273044]",50,1,6.23,100,0.3,1.2,2.0,0.16,0.03
CAB,0,0.16605890647185406,"[0.004361842492361795, 0.025512367747886705, 0.05254182241595659, 0.013922521156563152, 0.041301687165177126, 0.003592252585045679]",50,1,6.18,100,0.3,1.2,2.0,0.16,0.07
CAB,1,0.22513595780366957,"[0.057199888285496034, -0.05933445898859838, 0.010767857339484899, 0.03311684144858495, 0.01501825384757527, -0.01788603272119737]",50,4,6.16,100,0.3,1.2,2.0,0.16,0.07
CAB,2,0.21265715878418634,"[-0.01426069966690242, -0.005247365226226687, -0.03943637724098144, 0.004271462361921181, 0.028809523641705023, 0.07224236272624396]",50,0,6.23,100,0.3,1.2,2.0,0.16,0.07
CAB,3,4.294860478164644,"[2.0415119110776, -0.9963128084617957, 0.018922583494543687, -1.0034798928046984, 0.8689374139705229, 1.037490643487059]",18,10,2.36,100,0.3,1.2,2.0,0.16,0.07
CAB,4,0.1551155298697151,"[-0.028056641828340542, -0.02709286304015486, 0.008580482067241803, -0.01800664118367977, 0.04119959604455155, 0.03431006141797402]",50,2,6.2,100,0.3,1.2,2.0,0.16,0.07
CAB,0,1.601820773288129,"[-0.006631381434475432, 0.0009468435790567272, 0.7939544699789822, 0.027474238524918853, 0.04911055780992792, -0.02996749306829269]",50,4,6.47,100,0.5,1.0,1.5,0.13,0.03
CAB,1,1.77837278956919,"[0.08284411862231154, 0.10480172930024509, 0.08826567231950572, 0.003040376453634517, -0.8623024995634673, 0.06868699290841729]",50,1,6.43,100,0.5,1.0,1.5,0.13,0.03
CAB,2,1.4356484326313397,"[0.04368819444244555, -0.07504991039285529, -0.0021962753179742417, 0.06516477824282461, 0.16365965029240886, 0.3253283776966285]",50,0,6.48,100,0.5,1.0,1.5,0.13,0.03
CAB,3,4.314100016307904,"[1.9441169791320532, -1.0858309011972458, 0.08939924379211296, -1.0106311072808056, 0.9048856591617178, 0.9362701045142032]",27,10,3.53,100,0.5,1.0,1.5,0.13,0.03
CAB,4,2.3434694187679637,"[0.9300367787213049, 0.053666066677460614, -0.16099018587960606, 0.009859160409755763, 0.24353837365111797, 0.16300659565882689]",50,5,6.51,100,0.5,1.0,1.5,0.13,0.03
CAB,0,1.663089357876459,"[0.0034555863880120635, -0.02982415021223696, 0.7517652833016054, 0.06430315906803369, 0.0296111646719205, 0.03333627135975262]",50,1,6.45,100,0.5,1.0,1.5,0.13,0.07
CAB,1,1.481674084270637,"[-0.22931763788375714, 0.14170578282574356, -0.14631834123384366, 0.1511319900052957, -0.12688433272685734, -0.039393085485493376]",50,1,6.43,100,0.5,1.0,1.5,0.13,0.07
CAB,2,1.6501769205943835,"[0.01611445294961414, 0.2678341383123677, -0.07309339778070019, -0.13746040021027853, -0.18325783852070238, 0.1830683848216604]",50,2,6.5,100,0.5,1.0,1.5,0.13,0.07
CAB,3,4.246476912002397,"[2.0442923752976725, -1.0331509444541371, 0.015487964353818651, -1.0363620831491465, 0.9304542176259197, 0.9931981807889398]",20,10,2.63,100,0.5,1.0,1.5,0.13,0.07
CAB,4,1.6509744716448727,"[0.41036196556194954, 0.13732102753015835, -0.09309003614746758, 0.02867929632954483, 0.08078639361370242, 0.009714717156800043]",50,2,6.49,100,0.5,1.0,1.5,0.13,0.07
CAB,0,0.18756496514165777,"[-0.015232033626095907, 0.03641243920642734, -0.05355553008826849, -0.03985341697219055, -0.020679837858806064, 0.003910068453495397]",50,2,6.3,100,0.5,1.0,1.5,0.16,0.03
CAB,1,1.1715887571346433,"[0.2966856384623777, 0.03076920933823689, -0.04462210035044302, 0.10538179913163122, -0.003094630669722173, -0.0614180901447556]",50,1,6.23,100,0.5,1.0,1.5,0.16,0.03
CAB,2,0.4964791558829522,"[0.03632473739549551, 0.027095915877460772, 0.002741615571587065, -0.12889255096939234, -0.07648395818230938, -0.055155322515540506]",50,2,6.37,100,0.5,1.0,1.5,0.16,0.03
CAB,3,4.304877390173086,"[2.024795630318273, -1.0463828094536047, -0.0013343431463956053, -1.0778054802115993, 0.9264958970122117, 1.0160770707181648]",22,10,2.88,100,0.5,1.0,1.5,0.16,0.03
CAB,4,1.5464214227851802,"[0.8779486655189508, -0.024498825428670018, 0.009767135446619628, 0.014156368338354638, -0.022594902563899493, 0.052871624046543386]",50,3,6.35,100,0.5,1.0,1.5,0.16,0.03
CAB,0,0.9320482459875845,"[0.006168819239518383, 0.13750294226952206, -0.05211186296589658, -0.016958107126591307, -0.10042858239602877, 0.1914395204352351]",50,3,6.34,100,0.5,1.0,1.5,0.16,0.07
CAB,1,0.23662260834924398,"[-0.036196453218840546, -0.04023207056715156, 0.0370499000409015, 0.019732540022475615, -0.06722154641972639, -0.003044181546275962]",50,1,6.28,100,0.5,1.0,1.5,0.16,0.07
CAB,2,0.19170578704447694,"[0.002735652438086142, 0.05256857375307428, -0.040334463916605515, -0.012130147802431018, -0.03669092506477339, 0.028050643673384303]",50,2,6.3,100,0.5,1.0,1.5,0.16,0.07
CAB,3,4.232872755237597,"[2.0430689751504274, -1.0214831930325874, 0.007373090279733933, -1.0430958143638016, 0.9638100077606653, 1.0117295276304272]",20,10,2.69,100,0.5,1.0,1.5,0.16,0.07
CAB,4,0.34703361117401643,"[0.10229904527371596, -0.004985006698442936, -0.038444501226719996, -0.03219833645421787, 0.05426521045134017, 0.02053587194287533]",50,3,6.34,100,0.5,1.0,1.5,0.16,0.07
CAB,0,0.2187132526138993,"[0.023528587046867406, 0.06558988468783583, -0.020717852249441202, -0.048461346314859315, -0.005450299586527199, -0.022852773222870326]",50,1,6.41,100,0.5,1.0,2.0,0.13,0.03
CAB,1,0.5336169670869357,"[0.11502848230859815, -0.033531568476865115, 0.032541848718086006, -0.07610757069833363, -0.05136404199325697, 0.0804907684187026]",50,3,6.33,100,0.5,1.0,2.0,0.13,0.03
CAB,2,0.3238716332542819,"[0.029242883233589624, -0.01169456544786531, -0.07806941747205608, 0.07836137270908464, -0.008748827545273062, 0.03796823857216434]",50,1,6.41,100,0.5,1.0,2.0,0.13,0.03
CAB,3,4.3473708700646405,"[2.0239999727088467, -1.0800445126142881, 0.019261811733558187, -1.0552756594978887, 0.8986590696944237, 1.011867601054195]",20,10,2.62,100,0.5,1.0,2.0,0.13,0.03
CAB,4,0.9708605339804426,"[0.0035896169475623067, 0.15894731398568918, -0.07289172622881429, 0.0038269517954777274, 0.18241934540799612, 0.09325464444340587]",50,1,6.41,100,0.5,1.0,2.0,0.13,0.03
CAB,0,0.5360827455814001,"[0.03638960053373318, -0.009124921707842635, 0.03832026866795246, 0.007852676763068058, -0.16928753586857037, -0.007504506688375176]",50,0,6.34,100,0.5,1.0,2.0,0.13,0.07
CAB,1,3.81869054769577,"[-1.8112003901853229, 0.0684402981356348, -0.01974890466952748, -0.007893998205002827, -0.9880816397275385, 0.839072090448771]",23,10,3.02,100,0.5,1.0,2.0,0.13,0.07
CAB,2,0.19245573240688119,"[0.04906095310870555, 0.025251760392575553, 0.015908486338539835, -0.028353756296736518, -0.0493059674703939, -0.013625774468777233]",50,0,6.35,100,0.5,1.0,2.0,0.13,0.07
CAB,3,4.246476912002397,"[2.0442923752976725, -1.0331509444541371, 0.015487964353818651, -1.0363620831491465, 0.9304542176259197, 0.9931981807889398]",20,10,2.62,100,0.5,1.0,2.0,0.13,0.07
CAB,4,1.8636021976470585,"[0.9101963198774972, 0.025217043097991044, 0.09848633758744707, -0.07643206917864963, 0.10483225508768024, 0.12019266721878116]",50,1,6.42,100,0.5,1.0,2.0,0.13,0.07
CAB,0,0.19544434219907147,"[0.06841072870425224, -0.0029540323085844753, -0.04414740077095784, -0.01609578683801377, 4.12351064821917e-05, -0.0015137268094062217]",50,6,6.16,100,0.5,1.0,2.0,0.16,0.03
CAB,1,0.16391875070157313,"[0.020934726366520814, 0.06293983684788289, 0.016316144158496627, 0.017143777231656943, -0.00985452140572991, 0.013646085689338342]",50,5,6.15,100,0.5,1.0,2.0,0.16,0.03
CAB,2,1.5551697128344242,"[-0.03494151991048802, 0.051372247560221636, 0.011240972281187887, -0.8567867320459791, 0.011458785542848637, -0.0013555171355051666]",50,2,6.17,100,0.5,1.0,2.0,0.16,0.03
CAB,3,4.470374334461425,"[2.042022321710111, -1.0466523448346639, 0.04399749125422973, -1.0157043393894725, 0.814168197291435, 1.0510667804666072]",18,10,2.36,100,0.5,1.0,2.0,0.16,0.03
CAB,4,0.12679792648406307,"[0.0006842029349723106, 0.005695736005507147, -0.020416698626581877, 0.0441065924645985, 0.025423886940410406, 0.020819147915005026]",50,1,6.24,100,0.5,1.0,2.0,0.16,0.03
CAB,0,0.09480365864230622,"[0.011683967611278719, 0.02330116282204702, 0.001310487737784638, 0.01082415387038978, -0.0032899196306750145, -0.03668523787980304]",50,10,6.14,100,0.5,1.0,2.0,0.16,0.07
CAB,1,0.6062341593637339,"[-0.06277512715098912, 0.050310861125130446, -0.015753308014036273, 0.036381092695593545, -0.10334737588643644, -0.13356814287999708]",50,1,6.16,100,0.5,1.0,2.0,0.16,0.07
CAB,2,0.0896170753159109,"[0.02104553631056159, 0.009455308915811212, 0.023498667128846823, 0.026400171363893932, -0.004182650244396468, 0.012704624491750435]",50,0,6.16,100,0.5,1.0,2.0,0.16,0.07
CAB,3,4.294860478164644,"[2.0415119110776, -0.9963128084617957, 0.018922583494543687, -1.0034798928046984, 0.8689374139705229, 1.037490643487059]",18,10,2.35,100,0.5,1.0,2.0,0.16,0.07
CAB,4,0.11131329375398069,"[-0.012439898493224251, 0.021830628145693053, 0.019524390501750765, 0.04138359448679426, -0.008999760863927612, 0.0021671503221948976]",50,1,6.22,100,0.5,1.0,2.0,0.16,0.07
CAB,0,0.3635425330742774,"[-0.018305108697821863, 0.07099706384420565, -0.06369636424356945, 0.07178910325042992, -0.030641016874223763, -0.0433537242446571]",50,0,6.43,100,0.5,1.2,1.5,0.13,0.03
CAB,1,1.6823946395366574,"[0.025825684232240742, 0.05084493967290883, 0.014008846719289161, 0.12463614710933436, -0.03307375327508465, 0.918251089726669]",50,1,6.46,100,0.5,1.2,1.5,0.13,0.03
CAB,2,1.4477531309097,"[0.1274505997051149, 0.18357310107691288, -0.029140862110015556, -0.23596433016872942, -0.03384256099685544, 0.15598332195003206]",50,0,6.47,100,0.5,1.2,1.5,0.13,0.03
CAB,3,4.314100016307904,"[1.9441169791320532, -1.0858309011972458, 0.08939924379211296, -1.0106311072808056, 0.9048856591617178, 0.9362701045142032]",27,10,3.55,100,0.5,1.2,1.5,0.13,0.03
CAB,4,1.504268769967514,"[0.1686519625650872, 0.07571368498174874, 0.11232614909977617, -0.29792832153295457, -0.03424085345501214, -0.1006290155883194]",50,2,6.47,100,0.5,1.2,1.5,0.13,0.03
CAB,0,0.40889068612269996,"[0.003031156063571007, -0.020055022255949802, 0.08327753132057744, -0.03780736709044247, -0.10852081098319123, -0.015948775619620707]",50,0,6.4,100,0.5,1.2,1.5,0.13,0.07
CAB,1,0.18871622657385645,"[-0.006187004921390477, -0.031089877879476847, -0.026005852451953852, 0.021637029752734717, 0.020655016952627073, -0.0628456126742185]",50,0,6.43,100,0.5,1.2,1.5,0.13,0.07
CAB,2,1.120389975005104,"[0.06708963717595544, 0.20070770216065653, -0.11056886566362503, 0.09800828024745559, 0.14458683907181324, 0.03643120540406863]",50,0,6.46,100,0.5,1.2,1.5,0.13,0.07
CAB,3,4.246476912002397,"[2.0442923752976725, -1.0331509444541371, 0.015487964353818651, -1.0363620831491465, 0.9304542176259197, 0.9931981807889398]",20,10,2.62,100,0.5,1.2,1.5,0.13,0.07
CAB,4,1.4767879190136282,"[0.11074875905316495, -0.016540550159261317, 0.04915680656388356, 0.37621210227583735, 0.09181181229449722, 0.018681393259416]",50,0,6.48,100,0.5,1.2,1.5,0.13,0.07
CAB,0,0.1046459539440332,"[0.01682995714778983, 0.003416539286595662, -0.033703040543821235, 0.012599109698186624, 0.03059651792875613, -0.0035691876804446504]",50,1,6.21,100,0.5,1.2,1.5,0.16,0.03
CAB,1,1.5175564755900202,"[0.025669488248443464, -0.013869659411687562, 0.013508748370755747, 0.016329443686172528, -0.9040905125256946, -0.018874302108917086]",50,3,6.19,100,0.5,1.2,1.5,0.16,0.03
CAB,2,0.3109748167680064,"[0.07575527171308676, 0.03678628172340748, 0.04513728210974235, -0.021638824079370622, 0.033279220927026607, 0.056102334302225235]",50,0,6.28,100,0.5,1.2,1.5,0.16,0.03
CAB,3,4.304877390173086,"[2.024795630318273, -1.0463828094536047, -0.0013343431463956053, -1.0778054802115993, 0.9264958970122117, 1.0160770707181648]",22,10,2.87,100,0.5,1.2,1.5,0.16,0.03
CAB,4,2.0557541801466894,"[0.05483317732285108, 0.0215733858320362, -0.645589960844719, -0.004353329372968947, 0.13349452599719236, 0.18724083095435795]",50,6,6.32,100,0.5,1.2,1.5,0.16,0.03
CAB,0,0.07038373042910395,"[0.01638195235187352, 0.007661060614547351, 0.016433970778562495, 0.019071422214278377, -0.014056601047698687, -0.011899191726899017]",50,7,6.22,100,0.5,1.2,1.5,0.16,0.07
CAB,1,1.400650053872202,"[-0.024399001493490727, -0.02955160775968267, -0.16666759050805582, -0.04469267609110967, -0.3289231461221977, -0.04267231665459914]",50,1,6.23,100,0.5,1.2,1.5,0.16,0.07
CAB,2,0.207742363407331,"[0.0037284731267038197, -0.033647574696144156, -0.020798853712586003, 0.027412721042250277, -0.04577609479410617, -0.05596125517838992]",50,1,6.27,100,0.5,1.2,1.5,0.16,0.07
CAB,3,4.232872755237597,"[2.0430689751504274, -1.0214831930325874, 0.007373090279733933, -1.0430958143638016, 0.9638100077606653, 1.0117295276304272]",20,10,2.62,100,0.5,1.2,1.5,0.16,0.07
CAB,4,0.23912158514599868,"[-0.07452033922397194, -0.004218501503185115, -0.03580419877741953, -0.03103291690956016, 0.032615273745618414, -0.02232935802849516]",50,0,6.29,100,0.5,1.2,1.5,0.16,0.07
CAB,0,0.14445003404443968,"[-0.01372847461384898, 0.022674302473779332, 0.024138873131470357, -0.026149391582524197, 0.004989409891408674, -0.047851137376306224]",50,3,6.32,100,0.5,1.2,2.0,0.13,0.03
CAB,1,4.394838492324826,"[-1.9807540620304385, 0.24052933945413227, 0.23575964067661961, 0.06791179573446338, -0.9837558986775095, 0.8965006483836477]",23,10,3.01,100,0.5,1.2,2.0,0.13,0.03
CAB,2,1.774559033007613,"[0.7137807345334627, -0.010818493626719904, -0.0051569712906057615, -0.1249603757517958, -0.04340275108335298, -0.014702755053744637]",50,0,6.36,100,0.5,1.2,2.0,0.13,0.03
CAB,3,4.3473708700646405,"[2.0239999727088467, -1.0800445126142881, 0.019261811733558187, -1.0552756594978887, 0.8986590696944237, 1.011867601054195]",20,10,2.62,100,0.5,1.2,2.0,0.13,0.03
CAB,4,2.1853795720814984,"[0.06654836796767542, -0.007735922590067949, 0.05552470728736077, 0.11609141317272831, 1.0907577418090375, 0.17006927071124675]",50,0,6.41,100,0.5,1.2,2.0,0.13,0.03
CAB,0,0.11195595827731042,"[0.016831675666466595, -0.019915477369564484, -0.013101991320590419, -0.03145393521641732, 0.014566796348647083, 0.02797436466544135]",50,0,6.31,100,0.5,1.2,2.0,0.13,0.07
CAB,1,3.8118797061508194,"[-1.8986135002409634, -0.05441371696208809, -0.15919878911350388, -0.0006203508464458218, -0.9590957358521732, 0.9435496598336531]",23,10,3.02,100,0.5,1.2,2.0,0.13,0.07
CAB,2,0.4122857845052903,"[0.10817835134223339, 0.020798152430197277, -0.02004046730588762, -0.08075687544132784, -0.03856430427687907, 0.022176520281694142]",50,1,6.37,100,0.5,1.2,2.0,0.13,0.07
CAB,3,4.246476912002397,"[2.0442923752976725, -1.0331509444541371, 0.015487964353818651, -1.0363620831491465, 0.9304542176259197, 0.9931981807889398]",20,10,2.64,100,0.5,1.2,2.0,0.13,0.07
CAB,4,1.5999552264127463,"[0.02664850172305152, 0.20870564860419072, 0.024795796391306066, 0.06881762949417458, 0.2938739008004441, -0.15949749044823616]",50,1,6.39,100,0.5,1.2,2.0,0.13,0.07
CAB,0,0.11128485634756702,"[0.033537652539597625, 0.026762265157282826, 0.015014467875634296, 0.026045650787297023, -0.0046109645502897265, -0.006506186512321087]",50,3,6.09,100,0.5,1.2,2.0,0.16,0.03
CAB,1,0.22325012595710847,"[-0.03396915676847477, 0.03430265416796701, 0.05432786971854524, 0.05255869189574735, 0.00223248170684082, 0.019613457272569662]",50,2,6.03,100,0.5,1.2,2.0,0.16,0.03
CAB,2,0.15902572127145165,"[-0.03734850531336534, 0.044685022209508776, 0.006238837322038639, -0.02984061422353273, -0.01885477058251242, -0.017626019917457873]",50,0,6.05,100,0.5,1.2,2.0,0.16,0.03
CAB,3,4.470374334461425,"[2.042022321710111, -1.0466523448346639, 0.04399749125422973, -1.0157043393894725, 0.814168197291435, 1.0510667804666072]",18,10,2.35,100,0.5,1.2,2.0,0.16,0.03
CAB,4,0.702249838730467,"[0.03966544931628957, 0.05848513221938497, -0.00792441939823187, 0.07024362033349899, -0.04864557557417595, 0.18396311707751778]",50,0,6.15,100,0.5,1.2,2.0,0.16,0.03
CAB,0,0.09634359497084377,"[-0.01531495518053337, -0.04293573007596832, 0.004612195412818532, 0.006568611158428035, 0.007300461915533105, 0.004391773434238579]",50,4,6.08,100,0.5,1.2,2.0,0.16,0.07
CAB,1,0.14251898630285398,"[-0.01567556425458505, -0.019219069056489915, 0.02438481304424996, 0.053391372314766816, -0.0008380967530740406, 0.011624323503695178]",50,0,6.09,100,0.5,1.2,2.0,0.16,0.07
CAB,2,0.1640961067169937,"[0.04119945486300019, -0.010503681451558812, 0.011849553872944188, -0.053281736475960795, -0.0026127158304280543, 0.021238345126334282]",50,2,6.1,100,0.5,1.2,2.0,0.16,0.07
CAB,3,4.294860478164644,"[2.0415119110776, -0.9963128084617957, 0.018922583494543687, -1.0034798928046984, 0.8689374139705229, 1.037490643487059]",18,10,2.36,100,0.5,1.2,2.0,0.16,0.07
CAB,4,0.14640046936087403,"[-0.0543951767940809, -0.0008940897053194841, 0.001152390186801043, -0.014986245693232116, -0.023535513722126374, 0.025312896948041185]",50,1,6.16,100,0.5,1.2,2.0,0.16,0.07
