alg,seed,train,test,"theta [d1, t1, a1,  d2, t2, a2, shift]",pop_size,gens,time(seconds)
PSO,7,-18.182822363067608,-141.8673844490743,"[45.31249627273615, 0.0, 0.2794112973221374, 83.19227095292649, 1.0089824308039133, 0.2903210363153694, 2.2963831288017422, 0.6876472725375352]",100,100,9.9
PSO,2,-14.802567871165763,-1240.9009489512057,"[43.180039285423376, 0.0, 0.2917255209270348, 101.06933522867891, 1.271125938913449, 0.2734167209539175, 4.5901792176637235, 1.6341777599977896]",100,100,10.63
PSO,5,-7.942001165223309,-813.0021769833206,"[45.133569599022486, 0.5868336480366634, 0.08355611443337321, 200.0, 2.318141543078796, 0.05, 2.4537058978231725, 5.290942483826728]",100,100,10.62
PSO,6,-15.906595313511337,-201.7677496060756,"[44.704908316066714, 0.38653465716960805, 0.054137187779162585, 98.43483340323606, 0.7048327387292584, 0.33382219712773, 1.121480085970986, 1.4591092417589753]",100,100,10.63
PSO,3,-10.738495013282133,-111.84095249440522,"[20.170332052382154, 0.18463454037713806, 0.5, 33.10877572884154, 2.19508998028296, 0.1879797107449359, 1.1794640895042636, 1.8921084347316883]",100,100,10.86
PSO,1,-10.008261561909121,-278.7247096419426,"[26.48559247151598, 0.7743451436783904, 0.31088029928895516, 117.46927491687545, 1.7038109500542518, 0.3125555648142732, 1.092716160835066, 0.7873335274132174]",100,100,11.02
PSO,0,-10.325962002886488,-164.03861858745447,"[30.18796503610302, 1.3414877387699065, 0.30389106845425967, 89.95510208984662, 2.0293746602658778, 0.446741146873514, 1.192037200826584, 3.1615982496098254]",100,100,11.33
PSO,4,-7.3035370636602135,-416.3800343581482,"[26.263269691017207, 1.5455847890128687, 0.05706873616609108, 197.7527213707395, 2.2752595245535012, 0.41191268730873676, 1.1641452979362117, 3.311803462343187]",100,100,11.48
PSO,8,-14.444309508529678,-1042.406600828044,"[27.87676679547469, 0.983279552237058, 0.4644492150287744, 110.56656999623124, 2.0124211746892846, 0.17441110897389628, 4.528145762757066, 0.6188999363011368]",100,100,9.86
PSO,11,-14.445100637111503,-771.6444592198582,"[19.076932753685213, 1.1488466392887948, 0.5, 71.51890159683904, 0.3832445424267913, 0.16566715070317725, 0.9304052076730831, 0.6897440193238082]",100,100,10.36
PSO,10,-9.014081445119166,-401.9707266075806,"[22.67425674306373, 2.4633632209968104, 0.061155987930122994, 123.98692803761641, 2.1949877357776266, 0.3100809523049496, 1.334662330942721, 0.697696417148917]",100,100,10.48
PSO,9,-16.96551424737973,-120.87210064580414,"[50.0, 0.009588805031096926, 0.49320220583034696, 117.41162678947032, 1.2382502256670391, 0.3853603394577593, 0.6824564894107048, 0.7298881991922328]",100,100,10.67
PSO,12,-10.676680348029084,-338.0273369786671,"[32.52003018415252, 1.3745598821352385, 0.18389957161359022, 66.45040462236787, 1.6581419680736413, 0.46461218593801645, 0.6779613406527644, 0.621474212822654]",100,100,10.78
PSO,13,-10.325962002886488,-164.03861858745447,"[30.01405424484449, 0.9171494963963339, 0.4671875413409253, 151.7643005801159, 2.406221855965901, 0.44613727622577504, 0.7019664381276498, 3.439547791688516]",100,100,11.23
PSO,14,-10.008261561909121,-362.08683069721377,"[25.549854884884198, 0.5632755420303297, 0.4544014306062532, 81.63650435497497, 2.376559413932025, 0.3092335001940187, 1.2096841343346603, 1.358686305433742]",100,100,11.08
PSO,15,-10.325962002886488,-164.03861858745447,"[30.22449573582226, 1.4867268172578638, 0.386278348604928, 163.52930976854128, 1.9769470855447702, 0.446975639559135, 1.449025093232415, 3.3206676032926277]",100,100,12.04
PSO,16,-8.95367079815305,-910.8542478805377,"[34.21917697261062, 2.010032534605446, 0.12275352260961524, 26.22680679463563, 1.930746061050721, 0.3782067047088484, 0.6410445275456484, 3.185088526035763]",100,100,11.47
PSO,17,-8.78543601458142,-226.96973465313027,"[30.84170789844991, 1.9459842223705202, 0.16404256896295438, 116.85777808800087, 1.6045586908632314, 0.2524844386583478, 1.1970991223624354, 3.2514484647193287]",100,100,11.75
PSO,18,-10.676680348029084,-344.0835434339198,"[33.1511487890829, 0.5322920335628429, 0.4869788640974867, 58.598681047986176, 2.0720799735074538, 0.46375029365943315, 0.9447536288142596, 0.7431365517599495]",100,100,11.66
PSO,20,-10.008261561909121,-278.7247096419426,"[26.402792522057375, 1.1920922193843628, 0.2241460527764469, 57.32061302237798, 1.9870811592069275, 0.31062965394102965, 1.396340349971838, 1.2758910585609944]",100,100,11.31
PSO,19,-10.325962002886488,-164.03861858745447,"[29.66958656193782, 1.0742018041357482, 0.44604079890880305, 127.50151350672212, 1.6240806715769627, 0.4464749673905631, 1.487911141571333, 3.4645196067797777]",100,100,11.69
PSO,22,-10.008261561909121,-278.7247096419426,"[26.08247135341328, 1.4927074330190946, 0.05109591972739999, 27.383971584607245, 2.2392904580808346, 0.31249538997662407, 1.0846862408168745, 1.180889427760119]",100,100,11.15
PSO,21,-13.539777840090295,-707.9705694651882,"[28.682917605773014, 1.338511369869402, 0.1334357643177827, 71.13989834340458, 2.3753947117251624, 0.1300584938335355, 4.639719821580234, 1.0971266193031952]",100,100,11.3
PSO,23,-7.133464974517018,-382.50296845084864,"[26.49241326421274, 1.9700885136731676, 0.08769552730640691, 21.7063217191232, 2.2806239109293416, 0.29105150344727243, 1.3309818309673773, 1.009432127378001]",100,100,12.01
PSO,24,-7.133464974517018,-382.50296845084864,"[25.831713146921782, 1.5793898720820687, 0.0790097137560454, 174.6149327093483, 2.463452809158433, 0.3131845594807466, 0.9016473836175423, 1.2417369267647729]",100,100,12.24
PSO,27,-9.674743600413768,-1306.292799456443,"[19.57452373281571, 0.046897895169058776, 0.18919894631777337, 21.905512004531374, 2.1701942462363477, 0.13754422166274918, 3.2090176916075905, 2.04414686233269]",100,100,11.87
PSO,25,-12.502946065117204,-192.31002368421974,"[30.61978152819804, 0.5717059971923857, 0.20168320054314787, 116.28738078170511, 2.2892313812225193, 0.5, 1.0853981142414244, 0.5579766948755811]",100,100,12.18
PSO,28,-20.33360731849667,-166.1975992657643,"[32.54357131724451, 1.8282254541189296, 0.14268239477712452, 130.03059785782312, 0.5411123548159205, 0.06183351202841997, 4.059353513084611, 0.7028536455586102]",100,100,12.05
PSO,26,-10.008261561909121,-278.7247096419426,"[26.251984878077963, 1.107595801676153, 0.4697018680917461, 109.34624035367989, 1.8125329429551431, 0.31256546570362587, 0.7398640069746382, 1.3453474664431173]",100,100,12.33
PSO,30,-10.008261561909121,-278.7247096419426,"[25.981581277162384, 0.5783932802586189, 0.050958050045415926, 162.6600271963633, 2.108607186062934, 0.3098122926083179, 1.2668408956708619, 0.8836298075367581]",100,100,12.1
PSO,29,-8.87960715709011,-1563.8714437374272,"[20.289453353118823, 0.1763948072994886, 0.44900664298847714, 153.16280979353016, 1.8045576306065378, 0.18884364662157616, 2.8192661833224757, 2.113454893319332]",100,100,12.28
PSO,31,-10.676680348029084,-338.0273369786671,"[33.09081303004333, 1.4888638099146996, 0.3048946064957726, 58.22464784644181, 1.655088369507705, 0.46469174928355383, 0.5485489259350397, 0.5072388098571479]",100,100,11.01
PSO,32,-29.26219647159464,-137.81225955000588,"[46.90535051419469, 2.0845668025953037, 0.05454000917208588, 20.0, 0.40742252470534623, 0.250306509808719, 2.1465736024296223, 0.0]",100,100,9.93
PSO,34,-29.26219647159464,-157.52738919369605,"[27.5974208782743, 1.4188204018874306, 0.10383514635444822, 25.016479106430143, 0.11839825241288265, 0.5, 0.5925359631557865, 0.0]",100,100,9.5
PSO,35,-10.008261561909121,-362.08683069721377,"[26.237249152606992, 1.1976846714576033, 0.26119511735343703, 36.59790863986787, 2.493416011139903, 0.30898800259580944, 1.3354018715712321, 1.175284199171596]",100,100,11.55
PSO,33,-7.64129112663937,-398.5056842870514,"[28.214186257493722, 2.194698127549904, 0.12757558027453433, 120.29767808296884, 1.915056175902105, 0.2182745195214455, 1.3368580712335019, 1.4418995539537687]",100,100,12.21
PSO,38,-7.133464974517018,-382.50296845084864,"[25.788670678641918, 2.3293744588755567, 0.08151173318328755, 75.22119582837281, 2.3379858112597707, 0.304796493533495, 0.8736594283435134, 0.6656894778638405]",100,100,11.39
PSO,36,-11.853860881273896,-237.36162407911905,"[28.547451908269895, 1.0864962437154728, 0.17184905320432434, 200.0, 1.8632636616243903, 0.3819356864301229, 1.444633504701741, 3.047207404967692]",100,100,12.38
PSO,37,-10.008261561909121,-278.7247096419426,"[26.430285409080962, 0.5329329417014973, 0.18228827266638956, 102.04875323610952, 2.265308727663869, 0.31010527618680345, 1.2509465173250456, 1.2114747473677525]",100,100,11.98
PSO,39,-10.325962002886488,-164.03861858745447,"[30.17310122022932, 0.8879025215447377, 0.42784698209072586, 186.92277675473974, 2.357490821974978, 0.44700341962331125, 1.2272033997984861, 2.9732912252173027]",100,100,12.1
PSO,40,-10.008261561909121,-278.7247096419426,"[25.947732812851015, 0.6320661125957971, 0.3854514086339212, 76.50511739962832, 1.6417722856961383, 0.3126371213342069, 1.0898834341340762, 1.0323526650017247]",100,100,11.65
PSO,41,-7.139466068099371,-387.0649443073463,"[27.240768297631792, 1.6441314277727042, 0.09800295014215755, 143.26877992802162, 2.199392100580321, 0.284338914514726, 0.9857705823122246, 1.0175483335433002]",100,100,11.83
PSO,44,-29.26219647159464,-190.22752128731585,"[35.526519719266325, 1.8950868437849537, 0.05, 37.77448652949195, 0.0, 0.2681793466203508, 0.6127849460886159, 0.0]",100,100,9.77
PSO,42,-7.133464974517018,-382.50296845084864,"[25.6398194306146, 1.6254129839587252, 0.08803000591549241, 200.0, 1.8420469413738623, 0.29129306910794256, 1.2518392682657316, 1.113183141628753]",100,100,12.27
PSO,43,-10.008261561909121,-278.7247096419426,"[26.255742448141245, 0.6462860718555664, 0.26469254959855004, 143.07220843076144, 2.3302819110015376, 0.3123840186564451, 1.3900246765010371, 0.9402042611856745]",100,100,11.85
PSO,46,-8.78543601458142,-220.8515246338354,"[31.29328770999968, 1.673028170071978, 0.14826254381379225, 87.19389824541797, 2.220757849871605, 0.27445352247853105, 0.7770755805295287, 2.8423180205927197]",100,100,11.57
PSO,45,-8.87960715709011,-1563.8714437374272,"[20.134569899584854, 0.0, 0.1521318688461345, 163.855537052001, 1.8868490807665568, 0.18875261545817495, 3.147140567970949, 1.93435363636445]",100,100,11.93
PSO,47,-13.865460948317267,-770.4753052738528,"[37.27450740391314, 0.5319742885470948, 0.13700543862221393, 69.51865780184345, 1.276083240936088, 0.05, 1.0055676158595694, 0.6660462392898059]",100,100,11.2
PSO,48,-10.008261561909121,-362.08683069721377,"[25.6803300164371, 0.7947897740571755, 0.5, 68.20545282503363, 2.382261961286767, 0.3090103670907839, 1.4786721992945064, 1.2924724600737818]",100,100,12.0
PSO,49,-11.02677206683849,-729.5192877507781,"[30.487754728533005, 1.5778095861678019, 0.06362369080193678, 56.04211090660123, 0.0, 0.49956461013721626, 2.5985507455660035, 1.1129896885471393]",100,100,11.4
PSO,50,-19.152958977377263,-1374.3953234760518,"[27.56057660545028, 0.9502694101648848, 0.5, 20.0, 2.469265796102614, 0.3296968074972051, 5.6714002656808, 3.4084967894522435]",100,100,11.49
PSO,51,-24.467183088955338,-194.61379205625178,"[44.87302880300848, 0.0, 0.24079098880106398, 84.3957436491912, 0.78478508362547, 0.5, 2.081890963680459, 0.0206185823826779]",100,100,9.92
PSO,53,-29.26219647159464,-158.65896672784936,"[41.76523336947336, 3.0, 0.2380269504836814, 171.18981637839428, 3.0, 0.2578275362249805, 1.7594116720199735, 0.0]",100,100,11.46
PSO,54,-10.008261561909121,-278.7247096419426,"[26.259345035499987, 0.8032176532763348, 0.5, 82.55822406393933, 1.625451043251912, 0.31057570066349477, 0.7750984983970239, 0.6542064901597497]",100,100,11.27
PSO,55,-12.628431556361685,-659.8236443195959,"[30.53911099711923, 1.3357775830239336, 0.1917155700710252, 57.675859843171565, 0.0, 0.23505976260016814, 2.406380135053973, 0.5087471384741822]",100,100,10.96
PSO,52,-9.791948767561287,-405.49767365852927,"[30.952151134167796, 1.6701820677842774, 0.07884672950673463, 81.67695134019681, 2.095846598759691, 0.39249894027409804, 1.3907249320282444, 0.6538263804213815]",100,100,11.97
PSO,56,-29.26219647159464,-183.10953498383728,"[21.91861083415289, 1.6219248881749004, 0.05, 84.14881637425148, 1.4552417769118682, 0.05, 1.4329699582066717, 0.0]",100,100,10.39
PSO,57,-29.26219647159464,-158.65896672784936,"[22.2858757378099, 0.7338624783538379, 0.47657801668596916, 29.177242548037505, 0.0, 0.061498161882545636, 0.990319734107302, 0.3678874924965151]",100,100,10.21
PSO,58,-7.133464974517018,-382.50296845084864,"[25.910928842993727, 1.5830562619121755, 0.08068292759326368, 156.6070015699585, 2.1950243762554122, 0.3087384637433366, 1.202362362399966, 0.6672651684512294]",100,100,12.51
PSO,59,-13.539777840090295,-707.9705694651882,"[28.785236502161677, 1.3144121772182593, 0.05029203073391729, 200.0, 2.0978994290704054, 0.1309952144289751, 4.544651818774167, 1.244482646372069]",100,100,12.35
CAB,0,-18713.19799447345,-3851.292157952205,"[15.672127912939429, 2.4589142431436244, 0.466057097989199, 107.30245295161997, 2.2224560135314984, 0.48199191686556225, 4.8576893112533766, 5.633747977062619]",100,100,20.82
CAB,2,-10695.124210130753,-2862.680202554072,"[42.571576293333365, 1.5940493773236282, 0.3167696027177552, 92.9079165604706, 2.459164288631596, 0.4626159182211337, 4.047068759209288, 4.9606867826082395]",100,100,20.7
CAB,1,-18292.54311934975,-1861.3215572167915,"[31.167075851096836, 0.8403609304463506, 0.3715251230772624, 56.09068319221225, 2.4655393713490157, 0.08672065868814756, 4.590005135019468, 1.6807399212816896]",100,100,20.93
CAB,3,-46819.11136186622,-3377.2380346525892,"[5.1101030148521875, 1.2155931525842814, 0.3063351124099746, 28.31807455594465, 1.9403150677732919, 0.45582975584047725, 4.830140551622058, 3.005668249807611]",100,100,21.11
CAB,4,-9536.746250271755,-809.6356850109846,"[10.18312738537309, 1.1082337082465383, 0.14166148018528177, 101.47167469613342, 1.828290614452543, 0.25064093010043936, 4.689024996589709, 0.5124738124822157]",100,100,20.88
CAB,5,-8662.376800483184,-753.9285741877945,"[27.23531706592667, 2.4591872591777992, 0.3108910474389358, 84.76145280377365, 1.6310851911885713, 0.27409691566757943, 4.044706102650686, 5.442458579498548]",100,100,20.68
CAB,6,-17108.288446429822,-4032.840883710755,"[47.07934812740043, 2.0194796469810683, 0.489714001747723, 86.81370482090121, 1.851474740694395, 0.5, 5.500515514285413, 4.377045283944054]",100,100,20.74
CAB,7,-10830.32927442784,-2548.1403717369276,"[47.579171900082876, 1.6732738882173355, 0.31479683779442375, 78.86870760766409, 1.9305576113212537, 0.47124985159501687, 3.936139962263275, 4.448061492184164]",100,100,21.0
CAB,9,-6773.630101375021,-814.747622226987,"[44.74889539606115, 2.9533678079147485, 0.2632502831025647, 39.457395265480244, 2.7536041361508587, 0.21565097849474665, 2.7343503115231136, 1.1000753286070617]",100,100,20.85
CAB,10,-8716.675357432714,-3761.5152076910485,"[43.57987520776826, 2.185892884681676, 0.4892039860940808, 88.68842881015681, 1.8494858943261452, 0.5, 2.5191228760577298, 4.0357280392780215]",100,100,20.82
CAB,11,-9815.627960505473,-2933.6471888127503,"[9.078465105145018, 1.4197455739800708, 0.13661920097593955, 170.78137541539567, 1.9747773455262052, 0.4128120972806297, 3.8348069071365374, 3.9243910170961698]",100,100,20.88
CAB,8,-19338.30249120695,-4613.338847818026,"[6.1308136394157815, 0.7448446616544822, 0.10318255281142621, 148.54003674817503, 1.5856568419583579, 0.3883111291184954, 4.548378867005993, 4.160812841434878]",100,100,21.4
CAB,12,-13814.15340783874,-2332.114115484054,"[9.474273986981652, 2.079184752245632, 0.28254198292796445, 184.87014338146165, 2.184318456423632, 0.38114265965378036, 3.881210812408082, 4.372472048377324]",100,100,21.09
CAB,13,-22063.572726304712,-1391.421048279154,"[6.597226145032601, 1.2228504105523401, 0.3907701338111401, 179.54075604126982, 1.9022675427925804, 0.34554665096273807, 5.2833688826098895, 5.618618885363633]",100,100,21.19
CAB,14,-11965.977228255106,-3379.147354147334,"[5.656039075145582, 0.35294583431069443, 0.5, 146.875704992125, 1.68467579907083, 0.3096566870142237, 3.2551377080162327, 2.906117144729812]",100,100,21.19
CAB,15,-7488.697976893211,-753.9285741877945,"[27.88063851103249, 2.0160673338889383, 0.3168819229295072, 49.87183097261231, 1.8401113866991956, 0.27628202870814556, 3.5742704595875026, 4.965025371108628]",100,100,21.44
CAB,16,-16073.11071758674,-1672.7781504772881,"[28.081678238922724, 1.1561763568022565, 0.09927883919055319, 80.89237628673196, 1.6708393647552493, 0.09957658362073647, 4.607606121562213, 4.183449751576108]",100,100,21.21
CAB,17,-9811.50245832368,-2411.2232167699885,"[49.18936255530534, 2.46921407789218, 0.3113938539578239, 59.1310047792268, 1.7433668039759243, 0.4553794912011713, 3.6558783664960033, 5.31680172900803]",100,100,21.27
CAB,19,-14814.501080417773,-1603.1783261361768,"[28.62681133261569, 1.048772196539326, 0.20845344255359155, 98.83388923896236, 2.13602410557148, 0.09369035104402461, 5.415433858851695, 1.7076086602702456]",100,100,21.03
CAB,18,-17399.929883439818,-3871.04570067001,"[40.37159007054753, 2.0415330806056216, 0.465540929896516, 180.0457783933873, 2.0835204688875075, 0.5, 5.2640159470694705, 5.661831653864278]",100,100,21.2
CAB,21,-8270.67566758456,-2678.7511918465593,"[8.978189908618115, 0.838245206903602, 0.3913620730927991, 110.28704342774509, 2.4598037368231145, 0.4822355617605255, 4.764817224277252, 4.095846220430726]",100,100,21.18
CAB,20,-10301.736448655767,-2440.394588423802,"[24.70738324141033, 1.512508738442216, 0.3852084856017121, 137.10649936859917, 1.931457617230866, 0.39666455013288404, 4.493572892249262, 3.949395461586299]",100,100,21.76
CAB,22,-6303.812663200878,-1038.3704825017492,"[11.38276199337478, 2.704949548584108, 0.09644490595646339, 173.58971683341943, 3.0, 0.16882354991414475, 3.54195901115972, 2.892864929333337]",100,100,20.94
CAB,23,-15428.054829843664,-4032.8933241710697,"[6.457589618611335, 0.6044830890197078, 0.48832662540993144, 100.30335262448949, 2.2818849376777153, 0.4321593138924718, 2.95415423386506, 4.49790899200934]",100,100,21.66
CAB,25,-17685.749706093186,-3047.2424066642648,"[11.114296791986689, 2.0236192888815467, 0.4876030121093305, 165.3494112546121, 1.5381104286719307, 0.4981984223544276, 5.6830821687271325, 3.615381085839633]",100,100,21.45
CAB,27,-15010.763883620744,-3992.3907338331383,"[17.203155303825675, 2.2312834478355255, 0.45677579426626075, 166.50113134225023, 2.4418983055646235, 0.5, 4.843008225494851, 4.76741537037711]",100,100,21.22
CAB,26,-15194.955684460338,-3951.8608754269662,"[15.75220081279712, 1.9286006100731725, 0.4812644272788048, 107.44018156088035, 1.55536757897982, 0.49032780139709375, 3.8647773706094024, 5.701226477314993]",100,100,21.37
CAB,24,-11608.923223273396,-2811.479128337877,"[8.12374457090986, 1.5502335119981192, 0.39101826082740143, 70.11517974318866, 1.52187968408514, 0.4814043752783426, 5.124720262951458, 5.047014851421516]",100,100,21.77
CAB,28,-36734.54890985312,-5238.274221705806,"[8.32556171430949, 2.0503485702793296, 0.485416394860273, 129.06591538342056, 1.690201364668588, 0.5, 5.763876611070843, 5.506284829184126]",100,100,21.03
CAB,29,-8001.333955885023,-2134.465946249849,"[15.595515589345117, 1.9459779714423004, 0.2502252729495134, 86.1046673258148, 1.7862384176030268, 0.3399671584636, 4.091178971611463, 4.9112351024968435]",100,100,21.22
CAB,30,-10301.736448655767,-2440.394588423802,"[25.140089274739964, 2.311200761358138, 0.380534922717326, 28.284726804679025, 2.161809324405394, 0.4017197356107649, 4.346977075004492, 3.778275655536014]",100,100,21.45
CAB,31,-19793.905063739694,-3946.973771255428,"[24.393713631420017, 2.1553178892963025, 0.4857036634582874, 144.05438104155823, 2.3875277757158595, 0.48712303428337667, 5.609353909286285, 5.835243525939407]",100,100,21.29
CAB,32,-9355.51602859323,-2778.7005527601327,"[16.292432848683042, 2.344953727740662, 0.25987301957539644, 92.33489392724492, 1.9859226090010318, 0.3017441887251114, 4.486419503779576, 4.859387851467744]",100,100,21.92
CAB,35,-24937.426025191187,-1839.9554481115179,"[6.078937517703849, 0.21984687019115054, 0.34108676112871444, 82.4750166453173, 1.8022873536484418, 0.301769253057884, 4.718009927538742, 2.4890797682335597]",100,100,21.98
CAB,34,-11753.211400458957,-4212.4496035702,"[20.380354923521352, 1.7213249955712948, 0.46678119110394767, 82.01515464175414, 1.7109269177448476, 0.5, 4.073518922784725, 4.423501190255241]",100,100,22.17
CAB,33,-16289.485405970827,-2736.16663484771,"[11.940311528042859, 1.6756006828382997, 0.43799218424743025, 142.84452034791056, 1.5110018005488908, 0.44491671927847354, 5.129758289636984, 5.585818634200255]",100,100,22.37
CAB,36,-8055.105696738228,-1249.843701997027,"[22.18316900543228, 2.139456017862724, 0.43837936827862894, 93.5817462920472, 1.6960691516098552, 0.19122950046361095, 4.110716811478584, 4.940751370018711]",100,100,22.13
CAB,37,-10303.56019594886,-592.3638592485938,"[40.49590574911331, 1.0641588603881669, 0.1729903671531994, 70.26166873143634, 2.3997545066752597, 0.4954117375525163, 4.129827390511359, 5.5680052254691255]",100,100,22.03
CAB,38,-18775.33439613751,-3353.567192653826,"[6.191850415081067, 1.0202295628633904, 0.47749296782850525, 111.92316289441709, 2.4890198365624907, 0.439163797988091, 3.814672363043696, 4.438182129105706]",100,100,21.84
CAB,39,-11933.032282996826,-2323.4107217565656,"[6.3727587175314655, 1.0166000888965736, 0.2197721833364609, 167.0844781161694, 1.6783187685889058, 0.4395651489516845, 5.840723447582139, 2.2229088615391857]",100,100,22.26
CAB,41,-9288.437519373058,-342.0676459380181,"[25.354838858810883, 2.550805525650891, 0.4377152532113889, 48.5909517971526, 2.580866729891115, 0.17580471329024047, 3.1833263242117993, 1.9481924090771652]",100,100,20.92
CAB,43,-10695.124210130753,-2706.682949044146,"[47.028344684281734, 1.886253394512773, 0.3120389631298191, 58.03019919326318, 1.8456795330375408, 0.4687604267651398, 3.877399343471254, 4.667328847249919]",100,100,21.19
CAB,40,-13027.969568316732,-2130.8903344730224,"[7.964925525763186, 2.0598332092847857, 0.37814754265982997, 56.71232110573252, 2.3319616101014695, 0.40142708825648865, 3.851670361942044, 3.189024229460223]",100,100,21.98
CAB,42,-20913.53365398741,-4557.8974951054,"[6.188152402445951, 0.9372261042208283, 0.11409053113251351, 39.466261287753035, 2.1747825084914667, 0.3899107224984225, 4.529025431941574, 5.226919764937771]",100,100,21.9
CAB,44,-11254.142922179739,-1008.0892749246664,"[25.374717156646177, 2.1756787500778194, 0.4670670576801257, 39.1900253824465, 2.2623180418603317, 0.4903768372786729, 4.556394934033273, 1.7309560781492535]",100,100,21.31
CAB,45,-9025.675738506621,-1896.0292034513698,"[30.655109949566533, 1.6161624495389133, 0.36222866819838556, 165.967505837038, 1.5355423806745383, 0.38255006011976356, 4.65938633447247, 3.5887972570742366]",100,100,21.46
CAB,46,-34613.76200041754,-1583.9093979173617,"[5.737170972840799, 2.45540073663994, 0.2862866981152575, 183.58304013193828, 2.032476541017943, 0.40511272133220844, 5.3380667561057615, 2.0044191403830434]",100,100,21.18
CAB,47,-13988.900455063274,-2109.1080610197255,"[6.025044577639293, 2.508318886983339, 0.469964467060896, 192.37390295136868, 2.8089054384516814, 0.4558357002410795, 5.43911010805696, 4.760337781169962]",100,100,20.6
CAB,48,-15862.60072059026,-658.3397517289225,"[28.693158351502273, 1.0509881272503023, 0.37603452400894355, 164.04161744106818, 2.323175256764586, 0.0953543857900948, 4.113049957468543, 3.7870524641902845]",100,100,21.29
CAB,50,-12785.070421442471,-1732.968694707066,"[15.571426088022807, 0.9506492599548495, 0.1779565891860818, 139.5021181840111, 2.2548341104014504, 0.15349850996037, 5.671028294273175, 4.122914432479338]",100,100,21.44
CAB,49,-7811.835010175905,-746.4227896146343,"[21.359782802883455, 1.889198532051265, 0.343300626849532, 128.3971505766604, 2.233502934305168, 0.24681763613851554, 4.418965084920014, 5.181010919041193]",100,100,21.84
CAB,51,-11979.077248160413,-675.1318347970198,"[37.142843330747695, 1.2824323571722493, 0.39756827057128924, 168.64355766180026, 1.9620150756739045, 0.06773727746829916, 1.6674450278268402, 2.534024527390848]",100,100,21.5
CAB,52,-39838.59433562472,-3923.2515199581003,"[5.472094101578656, 1.0618593381355217, 0.4302267416946641, 138.084105299419, 1.7194243827651066, 0.4560631816099426, 5.273236947801015, 5.911905105094454]",100,100,21.28
CAB,53,-9194.933025129485,-1338.2504141152829,"[14.092448578824516, 0.9617395841693054, 0.2948320103547214, 49.67289142089511, 2.3932801078381867, 0.21589449093581609, 4.589984053009856, 5.466325486474973]",100,100,21.73
CAB,54,-9502.546057868238,-2925.6826724642824,"[7.421543862463488, 0.6700562303249528, 0.30402326637952104, 141.752660160808, 2.1195503354655347, 0.34229297352733007, 3.3181043609030145, 2.5713435509818545]",100,100,21.65
CAB,55,-15010.763883620744,-4079.460318665197,"[44.53196164117266, 1.6579637074787827, 0.47597610372001253, 136.26618481590944, 1.9125429544792398, 0.48399439846869274, 4.522197292873725, 4.639540005059765]",100,100,21.68
GWO,0,-61122.49387573411,-2737.4131361444474,"[5.0, 0.3832953015788622, 0.055394994442717345, 20.0, 2.2688020183542625, 0.3754351471064326, 5.716753471506162, 6.0]",100,100,14.22
CAB,56,-11737.034930477334,-2678.8972550805574,"[11.07769305556002, 0.6010693949190561, 0.344601385276836, 140.8380765523144, 1.8465533742194802, 0.23532925071329405, 3.2732765120913383, 5.81639337094632]",100,100,21.57
GWO,1,-61122.49387573411,-2737.4131361444474,"[5.0, 0.0008222693007741512, 0.29494182691711696, 56.95183721522562, 2.1708480388267293, 0.37562460910345036, 5.8897119113696705, 6.0]",100,100,14.27
CAB,59,-10667.872332143212,-2440.394588423802,"[42.90094175951051, 2.320402011855385, 0.3149771292978009, 44.477083523878015, 2.2129982544619624, 0.48218870338132447, 3.9026790218083205, 3.7071806519879553]",100,100,21.08
CAB,58,-8743.444530442668,-1206.5007554247015,"[43.49966933004403, 2.2650304297189137, 0.42053088024731694, 152.03061346233176, 2.4844061877865977, 0.2837387118569707, 4.741887685222701, 5.687425760819027]",100,100,21.51
CAB,57,-15428.054829843664,-4032.8933241710697,"[6.3215385441713465, 0.8004225797613922, 0.4959588610390703, 44.00416569697756, 1.7220620330862577, 0.432177115269801, 2.824060528539734, 4.134221157670342]",100,100,21.83
GWO,2,-65631.41643616006,-1761.542528083793,"[6.203250166240387, 2.104308912732466, 0.14533599076773446, 171.30394509898989, 2.0110056924329487, 0.37288318089999944, 4.822548320114249, 6.0]",100,100,14.1
GWO,3,-56929.293295981246,-2692.51955527382,"[5.0, 1.6249145129826286, 0.05, 39.68013228100265, 2.0218462324846587, 0.3840857697331961, 6.0, 6.0]",100,100,14.46
GWO,4,-61122.49387573411,-2737.4131361444474,"[5.0, 0.15402003393414446, 0.15964599775666322, 113.32258853192339, 1.805873854567434, 0.3762360201393087, 5.52469198105948, 5.526478530272359]",100,100,14.22
GWO,5,-61122.49387573411,-2737.4131361444474,"[5.0, 0.43338696211940286, 0.22432323063021853, 39.656285416327634, 2.263171713726558, 0.37616687897653905, 6.0, 6.0]",100,100,14.41
GWO,7,-67636.18203662863,-4884.966194427182,"[5.0, 1.9685830504210717, 0.05, 28.053012041076215, 1.9585083528929286, 0.3915394879340324, 5.5312810264426915, 5.913354046547643]",100,100,13.94
GWO,6,-61122.49387573411,-2737.4131361444474,"[5.0, 0.10939391248475494, 0.15488758296089997, 20.18136369067062, 1.9078936375375453, 0.3753115333778214, 6.0, 6.0]",100,100,14.3
GWO,8,-61122.49387573411,-2737.4131361444474,"[5.0, 0.31814454870351555, 0.0616827341099756, 42.7203971235835, 2.3030768773899504, 0.3756914717555439, 6.0, 6.0]",100,100,14.38
GWO,9,-61122.49387573411,-2737.4131361444474,"[5.0, 0.0, 0.11354204237249743, 72.7154256580021, 1.6090123777039775, 0.37658317494277904, 6.0, 6.0]",100,100,14.38
GWO,10,-61122.49387573411,-2737.4131361444474,"[5.0, 0.09670114610071885, 0.2893773354551181, 24.78714781488718, 1.6262942654501888, 0.3761413914135243, 6.0, 6.0]",100,100,14.44
GWO,11,-61122.49387573411,-2737.4131361444474,"[5.0, 0.046397278547700684, 0.1183131734249595, 25.69481925844922, 1.7675214912223067, 0.37588584348394355, 6.0, 6.0]",100,100,14.71
GWO,12,-67636.18203662863,-4884.966194427182,"[5.248735978144352, 1.8491525024751632, 0.05390156184226259, 62.14935866754676, 1.7444277388175908, 0.39173890983507526, 5.8783916957744795, 6.0]",100,100,14.16
GWO,13,-67636.18203662863,-4884.966194427182,"[5.0, 1.6042045324366565, 0.05, 34.42096706178189, 2.3748349809305673, 0.39162308004977603, 6.0, 6.0]",100,100,14.35
GWO,17,-67636.18203662863,-4884.966194427182,"[5.065681476726796, 2.0924995984953836, 0.05, 27.001243543449117, 2.2438110926672765, 0.39159777466241286, 5.7467995097560705, 5.864279343284211]",100,100,13.93
GWO,14,-57767.37416372354,-2722.686003893184,"[5.0, 0.4372680097605352, 0.05, 30.70634954023868, 2.24852926985642, 0.36632026320878897, 6.0, 6.0]",100,100,14.94
GWO,15,-61122.49387573411,-2737.4131361444474,"[5.33205519346192, 0.019719005276049462, 0.2509055710266103, 85.63707109718213, 1.9040523534106926, 0.37661738942365003, 6.0, 6.0]",100,100,15.01
GWO,16,-63773.315435548684,-3540.7473901095195,"[5.406093080547497, 1.796491437160008, 0.05, 200.0, 2.4812584094515855, 0.3939850970120296, 4.676670849148047, 6.0]",100,100,14.68
GWO,18,-61122.49387573411,-2737.4131361444474,"[5.0, 0.46474074739953863, 0.19224709968284304, 24.833392326137545, 1.8383858017238175, 0.37586834800058516, 6.0, 6.0]",100,100,14.46
GWO,19,-61122.49387573411,-2737.4131361444474,"[5.172599276209773, 0.16123084782810462, 0.1342916373614668, 39.505751630183845, 1.9027088537216048, 0.37607261570802436, 5.523785876639856, 5.995578765652475]",100,100,14.64
GWO,20,-63403.961605838726,-3540.7473901095195,"[5.0, 2.2743658788637897, 0.05, 138.89860332397177, 2.156500748448337, 0.39295343506549996, 4.68259691401867, 6.0]",100,100,14.38
GWO,21,-61122.49387573411,-2737.4131361444474,"[5.192319311191685, 0.48023204525026797, 0.10979261609175617, 199.49581391470062, 1.9520624213288846, 0.3759448027368751, 6.0, 6.0]",100,100,14.66
GWO,22,-61122.49387573411,-2737.4131361444474,"[5.0, 0.048967224306936404, 0.05476130557108491, 92.98753608303237, 1.6147959316752993, 0.37663803766944426, 5.543376052805009, 6.0]",100,100,14.56
GWO,23,-61122.49387573411,-2737.4131361444474,"[5.0, 0.3717150138095197, 0.09226624728961523, 20.0, 1.8750469405771142, 0.37562015454071407, 6.0, 6.0]",100,100,14.69
GWO,25,-61122.49387573411,-2737.4131361444474,"[5.0, 0.13409891511189018, 0.16078748729186024, 107.41732456052468, 1.910507631098147, 0.3762106144498856, 5.832990935406211, 6.0]",100,100,14.7
GWO,24,-61122.49387573411,-2737.4131361444474,"[5.0, 0.04324096986324747, 0.08824608903792626, 62.7165134459589, 1.8482550825499058, 0.37671485826400947, 6.0, 5.597340809198756]",100,100,14.8
GWO,26,-61122.49387573411,-2737.4131361444474,"[5.3299745006271015, 0.22483002639122804, 0.10717099113261071, 21.183570298337525, 1.8636492266160627, 0.3759640400565216, 6.0, 5.508744997371207]",100,100,14.28
GWO,27,-61122.49387573411,-2737.4131361444474,"[5.0, 0.000754467681061419, 0.08386652347647346, 33.18434232959432, 2.4677353962812245, 0.3763993132943885, 5.812584766153347, 6.0]",100,100,14.93
GWO,28,-61122.49387573411,-2737.4131361444474,"[5.0, 0.12372158547062868, 0.07068473551968357, 42.2008653685231, 1.7099377203255495, 0.3762148631575639, 6.0, 6.0]",100,100,14.64
GWO,29,-62560.16083900868,-1647.3565651458819,"[6.119866545283391, 1.8232718089163267, 0.12837229719802457, 54.48992659892863, 2.0541471000238682, 0.36418057227134093, 4.773426802655167, 6.0]",100,100,14.45
GWO,30,-61122.49387573411,-2737.4131361444474,"[5.0, 0.22661267631323964, 0.05, 26.545404512130137, 2.1568837375511465, 0.3760423001196887, 6.0, 5.6624021817240555]",100,100,15.29
GWO,31,-61122.49387573411,-2737.4131361444474,"[5.060806312195093, 0.07314170637827132, 0.07832020652065774, 35.68638995041557, 1.794840940559114, 0.37586334255212983, 6.0, 6.0]",100,100,15.07
GWO,32,-56837.40478569201,-3322.4117031066285,"[5.0, 0.0, 0.17698999733266862, 20.0, 1.5137024185745478, 0.3888194268364527, 4.982475413449259, 6.0]",100,100,15.0
GWO,33,-61122.49387573411,-2737.4131361444474,"[5.0, 0.030027254629147432, 0.056530703498124495, 47.15200627509915, 2.0889579099291598, 0.3757443498705728, 6.0, 5.645872505505029]",100,100,15.5
GWO,34,-61122.49387573411,-2737.4131361444474,"[5.0, 0.0, 0.08248036439292368, 71.92864148346015, 2.378890831065245, 0.37617892689409566, 6.0, 6.0]",100,100,15.4
GWO,35,-61122.49387573411,-2737.4131361444474,"[5.0, 0.4181572112119549, 0.10986109623636021, 102.85718770223184, 1.8846928173104773, 0.37643373967996513, 6.0, 6.0]",100,100,15.94
GWO,36,-67636.18203662863,-4884.966194427182,"[5.291633790330909, 1.7841077475374971, 0.05, 74.88590010560357, 2.206399901519998, 0.3916180172603809, 6.0, 5.753255750909607]",100,100,16.57
GWO,37,-67636.18203662863,-4884.966194427182,"[5.042124854573929, 1.7128540369937904, 0.05, 37.23657385571487, 2.13530852592373, 0.3914608517067882, 5.513343740384873, 6.0]",100,100,16.42
GWO,38,-61122.49387573411,-2737.4131361444474,"[5.0, 0.10225225375711584, 0.05948240861793184, 20.0, 2.1013570401876556, 0.37540161785188825, 6.0, 5.925692660748315]",100,100,16.55
GWO,39,-61122.49387573411,-2737.4131361444474,"[5.0, 0.12915224420857538, 0.1068487136322908, 113.28551416631906, 2.178974319437493, 0.37672682488729664, 5.646213918332397, 6.0]",100,100,16.73
GWO,40,-67636.18203662863,-4884.966194427182,"[5.0, 2.0365696898581827, 0.05215829299041617, 27.265338407379573, 1.760862661608436, 0.39194499686849027, 5.77532967695286, 5.8042702170553255]",100,100,16.47
GWO,41,-61122.49387573411,-2737.4131361444474,"[5.232694595345046, 0.0, 0.19847689080331907, 91.98073662148839, 1.8546738954045077, 0.37636581879658365, 5.7024837217958195, 5.9016199050029075]",100,100,16.82
GWO,42,-67636.18203662863,-4884.966194427182,"[5.148868463547441, 1.8717631107410382, 0.05, 21.635163394834922, 1.8171175772481583, 0.39160711738495335, 6.0, 6.0]",100,100,16.03
GWO,43,-61122.49387573411,-2737.4131361444474,"[5.0, 0.18516709756565317, 0.1584070495326963, 148.88345715720024, 1.8133957708206843, 0.37650791365590464, 5.976240197903276, 5.742174124573737]",100,100,16.3
GWO,44,-56425.060522171516,-2780.252388185975,"[5.0, 0.24458889444093415, 0.3171388274112467, 24.745288092707636, 2.068134320722414, 0.3807129430815765, 6.0, 6.0]",100,100,14.96
GWO,45,-61122.49387573411,-2737.4131361444474,"[5.369121129678999, 0.36132514287184775, 0.44870246720636536, 51.721866099999296, 1.916511796519054, 0.37602194364839453, 5.786679043676347, 6.0]",100,100,14.84
GWO,48,-67636.18203662863,-4884.966194427182,"[5.2543085200547885, 1.988442090481788, 0.05265027239774119, 62.30600629496002, 2.2868016380391154, 0.3918117398478331, 6.0, 6.0]",100,100,14.55
GWO,47,-61122.49387573411,-2737.4131361444474,"[5.0, 0.17447793058280822, 0.08101029172679657, 21.475444415988658, 2.4181892090959365, 0.3759968445554986, 6.0, 6.0]",100,100,14.9
GWO,46,-61122.49387573411,-2737.4131361444474,"[5.0, 0.19678212716999513, 0.11313016679795697, 120.55114226402681, 2.476840028523172, 0.3758841024075675, 5.562440048453152, 6.0]",100,100,15.23
GWO,49,-61122.49387573411,-2737.4131361444474,"[5.0, 0.09104856921452986, 0.0844882246108417, 30.56201442705313, 2.407611712320339, 0.37580401081310577, 5.8714377571659, 6.0]",100,100,15.11
GWO,50,-67636.18203662863,-4884.966194427182,"[5.16110273785926, 2.4076802098093757, 0.050338303738078384, 51.06566442174662, 1.824400483636005, 0.3916221766555459, 5.991507087465642, 5.835142074084285]",100,100,14.81
GWO,51,-61122.49387573411,-2737.4131361444474,"[5.0, 0.07475433055855966, 0.10528773305943989, 85.54009026535273, 1.542744123972484, 0.3765808037851946, 6.0, 6.0]",100,100,14.68
GWO,52,-61122.49387573411,-2737.4131361444474,"[5.0, 0.07583028726876424, 0.12272985948669157, 109.2717029229944, 2.4613335542137706, 0.3765191713737985, 6.0, 6.0]",100,100,15.24
GWO,53,-61122.49387573411,-2737.4131361444474,"[5.0, 0.03633137897392904, 0.05, 35.082987752159546, 1.8548480158765621, 0.3768081264293666, 6.0, 6.0]",100,100,15.15
GWO,54,-61122.49387573411,-2737.4131361444474,"[5.0, 0.4222973417094276, 0.1241417389561183, 117.9815200315967, 1.5770058166032122, 0.3761663675785516, 5.588946748836867, 5.562582940407734]",100,100,14.84
GWO,55,-67636.18203662863,-4884.966194427182,"[5.0, 1.889358374036805, 0.053484989052551855, 116.07351782485121, 2.089806211168218, 0.3918969333688998, 5.980600573677805, 6.0]",100,100,14.72
GWO,58,-44588.60712234941,-2199.690939729855,"[5.07630705740024, 2.579919386860817, 0.17639834264763546, 26.823816440128777, 2.594770081413449, 0.1440604354687348, 6.0, 6.0]",100,100,13.57
GWO,56,-57620.83350942889,-2737.4131361444474,"[5.447760779765492, 0.2453111090618112, 0.27064338463071325, 61.198112516824274, 1.8589201519638074, 0.3716033624509447, 6.0, 6.0]",100,100,15.35
GWO,57,-61122.49387573411,-2737.4131361444474,"[5.058974386043848, 0.16538614924444292, 0.3343754768194937, 46.78475393394225, 1.8490397939756578, 0.3761156479579722, 5.7696482305136, 6.0]",100,100,15.09
GWO,59,-61122.49387573411,-2737.4131361444474,"[5.204018287387218, 0.10802484800143276, 0.4016172521052754, 20.0, 1.768701602746242, 0.37539996711166285, 6.0, 6.0]",100,100,15.18
ABC,1,-51270.58398063277,-4167.598189311774,"[6.03163693417656, 0.976286168935073, 0.17989833201629038, 70.20550566188197, 1.5552500094926134, 0.4423961361428516, 6.0, 5.573953112230638]",100,100,43.09
ABC,0,-61025.702768720315,-2737.4131361444474,"[5.0, 0.1470664599653917, 0.05, 157.1733745549626, 1.616571508276875, 0.37492471848942127, 6.0, 6.0]",100,100,43.55
ABC,2,-38634.63803532885,-2276.4313269043832,"[5.0, 1.1138445697250328, 0.14033859303825585, 113.20972271302819, 1.8374317649060137, 0.4833240092019749, 4.913112617634969, 2.6793259277491885]",100,100,43.41
ABC,3,-52065.63627635852,-4583.093864121357,"[5.0, 0.2266128305140005, 0.32299001293078766, 98.2913514412298, 2.3851496119523605, 0.40215581780037235, 5.830350954324809, 6.0]",100,100,43.38
ABC,4,-46410.031408343864,-3377.2380346525892,"[5.0, 1.3881765438386808, 0.14933979773706146, 91.60655262419621, 2.3636291136943037, 0.45610792088521546, 5.2595849909718595, 3.4448599092829713]",100,100,43.48
ABC,5,-50044.5687767241,-3969.653571789342,"[6.461603587310504, 1.412732512241142, 0.2322600377084937, 181.86180225873832, 1.7575892118908922, 0.4309107525661842, 5.711306255228346, 5.647067063020884]",100,100,43.4
ABC,6,-37685.99149618457,-1982.6527487758299,"[5.0, 1.4330699265450544, 0.42752310120435427, 164.2849657285284, 1.8993001868324106, 0.5, 4.69423239194761, 2.9344747250862797]",100,100,43.37
ABC,7,-52065.63627635852,-4583.093864121357,"[5.324846119076508, 0.3282113301487124, 0.07620697586229329, 106.6089278863447, 2.4310204288626753, 0.40163967677450724, 5.987560234915575, 6.0]",100,100,44.1
ABC,9,-62434.95165832448,-1621.0744651390453,"[6.1517494566320305, 2.3473048023281344, 0.13674954171139556, 49.47335212536635, 2.2063716201504406, 0.3681010768207268, 5.439168828675346, 5.795584309297135]",100,100,44.96
ABC,8,-46006.91608704721,-3730.960991677379,"[5.0, 1.4003012213484112, 0.18685692828665343, 84.4599840264301, 1.7383363581222087, 0.4388063623968448, 5.350889010331058, 3.1034340809985492]",100,100,45.31
ABC,11,-40669.92302061813,-3433.2629906412803,"[5.0, 0.13999487815689426, 0.2197312749565849, 129.5443913079656, 2.210479462794776, 0.4005832172238927, 4.448240649211333, 5.808685426816212]",100,100,44.61
ABC,12,-55363.60039969479,-3672.0682026096597,"[5.000541973640328, 0.41459733685685296, 0.29395117882407523, 184.7670094333674, 2.002902720437142, 0.38347181374323186, 4.587308952638888, 6.0]",100,100,44.69
ABC,10,-39951.23958817852,-3599.270701676961,"[5.0, 1.9510773776170807, 0.09060998193233376, 106.52924740210416, 2.336834849549585, 0.38239402455513155, 4.669157806494127, 6.0]",100,100,45.21
ABC,13,-62038.9407865868,-4884.966194427182,"[5.0, 1.7952272828427311, 0.05, 151.12028385181478, 1.5357536889244345, 0.3951814531438942, 5.610864156208506, 5.647556546044639]",100,100,45.05
ABC,14,-41670.422950406304,-4224.063789713472,"[5.9166925763878915, 1.0795325569931649, 0.3238603544557129, 130.62161884347813, 1.7250544697888062, 0.42103562251006194, 5.583627398533469, 6.0]",100,100,44.59
ABC,15,-33485.11478859335,-1790.4568133773814,"[5.0, 2.948276417624557, 0.05108712061060878, 22.61394225813402, 2.7302362090735617, 0.15599034957722233, 5.761164744092053, 6.0]",100,100,44.76
ABC,16,-37685.99149618457,-1982.6527487758299,"[5.0, 1.462115500051778, 0.2410023384142705, 186.94166737872644, 1.5990384379441804, 0.5, 5.35960588628633, 2.6261963820315346]",100,100,43.92
ABC,17,-37685.99149618457,-1982.6527487758299,"[5.0, 1.0037321125299714, 0.23837175073418163, 171.2568520360258, 1.5406170678868758, 0.5, 4.540220797252276, 3.347546193946002]",100,100,43.96
ABC,18,-46276.47844594603,-3537.6793824000724,"[5.0, 0.24945519313422415, 0.20152990451804856, 175.1656995336979, 1.6162600515214556, 0.39199952656195136, 3.6425368791273725, 6.0]",100,100,43.9
ABC,20,-31013.061849429934,-3698.432920630633,"[5.0, 2.0881638396101354, 0.19435897294976343, 129.0231150162068, 1.7344131969666514, 0.5, 4.615231357353158, 4.050949541849242]",100,100,43.63
ABC,19,-37775.97561788339,-3110.358705893656,"[5.0, 1.2607999312756824, 0.21705727867502247, 161.43299145554033, 1.8000294983202538, 0.4672428632615002, 4.902065978902494, 6.0]",100,100,44.14
ABC,21,-38320.69687133276,-3434.857681621394,"[5.945309506347943, 1.8169372380078745, 0.25318170682404034, 98.28305055195464, 1.5999354996423167, 0.38464875264972226, 5.442192486379657, 6.0]",100,100,44.25
ABC,22,-28951.168198845946,-2084.5553014954335,"[5.0, 2.0121106381792004, 0.2733971653326619, 125.1007451635354, 1.508153405151134, 0.46940943025614185, 4.870602921245481, 3.373871667506961]",100,100,44.69
ABC,23,-48610.91930045796,-3969.653571789342,"[6.004347556000012, 1.4611032630755787, 0.19821836506189475, 132.72195268572656, 2.1246872708575966, 0.430040703110199, 5.579825284762028, 5.73777510126309]",100,100,44.31
ABC,24,-43752.28997869939,-3730.960991677379,"[5.0, 1.4668223372525806, 0.2981188202826497, 183.3815123797512, 2.12541286906841, 0.43703813236107547, 4.911294273870832, 2.829116452230831]",100,100,53.86
ABC,25,-39838.59433562472,-4556.996274876428,"[5.0, 1.2317571314317926, 0.15636635441726468, 32.881554653376064, 1.9996712049620138, 0.45567710107907367, 5.427718026750802, 5.846916588665318]",100,100,53.85
ABC,27,-50003.875228758465,-3199.9247993682907,"[5.0, 0.06058224148314062, 0.397560808114156, 26.203694786555758, 1.7752351667358863, 0.3996781441855133, 4.839497110283163, 5.621855206457627]",100,100,53.93
ABC,26,-52590.906908507095,-3581.0837876641976,"[5.0, 0.0, 0.17378992832620588, 144.73672643303453, 1.5234302143971117, 0.36797381321658956, 5.269315116026373, 6.0]",100,100,54.65
ABC,28,-36865.129686051136,-3110.358705893656,"[5.0, 0.8346105445249454, 0.4116549701869328, 40.60475747293802, 2.0070390751462397, 0.4657402162835833, 4.80908339716405, 5.81846718227086]",100,100,54.19
ABC,29,-43752.28997869939,-3730.960991677379,"[5.0, 1.4216461284493942, 0.13424112054909074, 135.44116815246176, 2.4072303338683785, 0.4383904368166983, 4.905496001529648, 2.6406426948494164]",100,100,54.74
ABC,30,-41536.18770933297,-2474.5224100034743,"[5.0, 2.1452380305951424, 0.37205170204356397, 97.50503709458054, 1.8923347555535361, 0.5, 4.614220021996189, 2.683340916372911]",100,100,54.79
ABC,31,-54338.41238919065,-3600.454032513724,"[5.0, 0.27731280591581386, 0.165932641349782, 20.0, 2.3224420977253954, 0.3718084725968334, 5.015512647726376, 6.0]",100,100,54.85
ABC,32,-35086.45053194327,-3768.992679767984,"[5.273976758402295, 0.7125479339070517, 0.284846646783969, 199.3700299074119, 2.291690135088098, 0.48002602702417646, 5.0782119640378145, 5.534570913215517]",100,100,49.92
ABC,33,-37819.99404634427,-2567.065590478921,"[5.0, 1.6385647972306492, 0.46557190318115294, 79.0162221232398, 1.5209182133333154, 0.5, 4.618829844509105, 5.4209522452802466]",100,100,50.5
ABC,34,-46079.365150352445,-1850.2297149123242,"[5.0, 2.874014541691304, 0.45810581666626377, 47.05065889270974, 2.866492419924426, 0.09783401113221654, 5.538966841560992, 6.0]",100,100,50.14
ABC,36,-50139.891902088006,-3646.92811874207,"[5.0, 0.4155664894032137, 0.1286658046464519, 121.1103959014546, 2.1755266082156997, 0.4133615763160039, 4.733718522653808, 6.0]",100,100,49.59
ABC,35,-41718.21751757024,-3124.6724399054538,"[5.008878912203235, 0.6718031849220081, 0.40496759552359884, 131.78746972250954, 1.5782667366862486, 0.4823814736855836, 5.329892997910038, 3.406217021829566]",100,100,50.34
ABC,37,-41718.21751757024,-3210.5642502250817,"[5.0, 0.5756069788276683, 0.41507359194418664, 103.13601856105147, 1.5102533434263075, 0.481174237605232, 5.104660615863555, 3.473624735177929]",100,100,49.81
ABC,38,-41284.63709386074,-4633.26346001079,"[5.0, 1.5821349583056787, 0.14152606248507718, 32.66732314134239, 2.4749796598744576, 0.4257596894458704, 6.0, 6.0]",100,100,50.14
ABC,39,-39405.534282725734,-3923.2515199581003,"[5.0, 1.4656618194332263, 0.21923729517239113, 35.350559492954226, 2.3033553858307703, 0.45695967488531913, 5.213882652990859, 5.667731372916259]",100,100,49.37
ABC,40,-37616.17760392626,-3749.37268915369,"[5.0, 0.6202075569931229, 0.31176622242399016, 175.07605671732094, 1.7352030641573732, 0.4726681603934795, 5.053162962112242, 5.9404797211767155]",100,100,47.44
ABC,41,-37865.208104098434,-4965.984870023119,"[5.0, 1.5587218257139726, 0.14824937929696566, 135.64094326343022, 1.6225727850236535, 0.4784731801742218, 5.562737404885173, 5.678540293369244]",100,100,47.19
ABC,43,-49262.627643759195,-3976.6091028134933,"[6.222723735338686, 1.9120948509592148, 0.18538613012860392, 99.75446578169655, 2.078787195506802, 0.38829357921198043, 5.078240013794288, 5.534161522826294]",100,100,46.86
ABC,42,-37685.99149618457,-1982.6527487758299,"[5.0, 1.4913258479968863, 0.08787333560104592, 98.56642116776669, 2.3715643192975358, 0.5, 5.402850611874585, 2.536452066243291]",100,100,47.58
ABC,44,-37685.99149618457,-1982.6527487758299,"[5.0, 0.9765172281264574, 0.2780303051380317, 54.26981609541399, 1.5674355009007617, 0.5, 4.618114035191048, 2.992528899963637]",100,100,47.16
ABC,45,-46080.29635945194,-3754.015234629955,"[5.0, 0.34253854864694744, 0.14314460815305147, 58.010899402647965, 1.9250292251501042, 0.3891740413894127, 4.493988423492537, 5.504825069985898]",100,100,47.94
ABC,46,-26125.48747828233,-5526.074518216465,"[5.0, 0.7830535927421016, 0.10261497674371238, 36.655920821157444, 1.8755413447566716, 0.4188468399415192, 5.483693762537808, 6.0]",100,100,47.7
ABC,47,-47059.59188309277,-4080.469005731942,"[5.0, 0.29409889120199884, 0.3513609356594158, 198.37019955194438, 2.478366367213008, 0.4142124633322055, 3.5079418882963074, 5.516342363174582]",100,100,48.65
ABC,48,-48806.66727354715,-4038.87077275201,"[5.678352318524215, 1.3744877677976772, 0.1249958927978628, 28.3463693098756, 2.4882240682702474, 0.4370548755279938, 5.621983651366257, 6.0]",100,100,49.58
ABC,49,-39646.24512311849,-3930.1878681156877,"[5.0, 1.1319211282294104, 0.29262344941661766, 103.8662884109173, 2.3851150217233528, 0.44190291178348745, 5.486231775281998, 3.3404625612785694]",100,100,50.03
ABC,50,-56699.96243793181,-3154.2330445942002,"[5.0, 0.15393096899298442, 0.07314334022866457, 131.52616592361284, 2.260629130552771, 0.39217511639248814, 5.336118527782534, 5.682883644390634]",100,100,50.62
ABC,51,-43004.62514203379,-4030.66466729726,"[5.0, 0.01640198476936272, 0.1829282326655403, 20.0, 2.3591399117684704, 0.4047558832561324, 3.5943478935137567, 5.551474873995031]",100,100,50.61
ABC,52,-43724.470448278946,-3969.653571789342,"[5.735741743430669, 0.9856181626888333, 0.38017976541796095, 188.14770721813832, 1.946058354556529, 0.42936436822231167, 6.0, 6.0]",100,100,50.51
ABC,53,-38154.344451821795,-3825.8640069189005,"[5.0, 2.4061621315843977, 0.3685492772880615, 75.00244698754472, 1.678976605952228, 0.5, 5.096032041170383, 5.796951319618929]",100,100,50.56
ABC,54,-50044.5687767241,-3969.653571789342,"[6.3722386572021925, 0.8528238407478336, 0.33357550286143645, 164.36659463028948, 2.2952230736552037, 0.4311337969953565, 5.879756773099912, 6.0]",100,100,49.88
ABC,55,-35611.65137591687,-3732.89755083512,"[5.0, 1.4652525650667292, 0.1367757002521245, 57.184746848825796, 1.606794237934202, 0.4451226877615139, 4.7119177678271615, 3.276141343905036]",100,100,49.16
ABC,56,-37955.233051219264,-2722.576908706609,"[5.0, 1.0286692967364377, 0.49929414047891196, 146.88209192292774, 2.4671615694094093, 0.46538331235462843, 5.110008312457929, 3.1950540212859484]",100,100,36.69
ABC,57,-40195.441059885954,-3210.5642502250817,"[5.15603143086871, 1.1878162412251092, 0.44248458098053883, 66.26728184881557, 2.4351524282180734, 0.4757039469633419, 5.2279690825770935, 2.763762365722852]",100,100,36.56
ABC,58,-43287.138893596784,-4038.87077275201,"[6.204803828898939, 2.376813099433094, 0.43058433498652554, 192.89136286021832, 1.537420847070254, 0.5, 5.58040293349778, 5.770186769739979]",100,100,35.64
ABC,59,-52110.85517142978,-4700.8475153883,"[5.0, 2.3926680499899824, 0.05, 122.41612883045408, 1.747087337512732, 0.4008827514567398, 6.0, 6.0]",100,100,35.47
